Component_ID,Lot_ID,Value_0h,Value_24h,Value_96h,Value_168h,Component_Type,Ground_Truth,Drift_0_24,Percentage_Drift_0_24,Drift_24_96,Drift_96_168,Total_Drift_0_168,Lot_Mean_0h,Deviation_From_Lot_0h
C0001,L01,10.248,12.193,16.304,24.622,Gradual_Degradation,Anomaly,1.9450000000000003,18.97931303669009,4.110999999999999,8.318000000000001,14.374,10.03885,0.20914999999999928
C0002,L01,10.14,12.544,17.168,25.711,Gradual_Degradation,Anomaly,2.404,23.70808678500986,4.623999999999999,8.543,15.570999999999998,10.03885,0.10115000000000052
C0003,L01,9.768,10.175,10.391,11.772,Normal,Normal,0.40700000000000003,4.166666666666666,0.2159999999999993,1.3810000000000002,2.0039999999999996,10.03885,-0.27084999999999937
C0004,L01,10.408,10.603,11.331,11.766,Normal,Normal,0.19500000000000028,1.8735588009223703,0.7279999999999998,0.4350000000000005,1.3580000000000005,10.03885,0.3691499999999994
C0005,L01,10.733,11.188,12.956,14.113,Normal,Normal,0.45500000000000007,4.2392620888847485,1.767999999999999,1.157,3.379999999999999,10.03885,0.6941500000000005
C0006,L01,10.061,10.458,11.278,12.161,Normal,Normal,0.39700000000000024,3.9459298280489037,0.8200000000000003,0.8829999999999991,2.0999999999999996,10.03885,0.022149999999999892
C0007,L01,9.699,10.57,11.41,12.407,Normal,Normal,0.8710000000000004,8.98030724816992,0.8399999999999999,0.9969999999999999,2.708,10.03885,-0.3398500000000002
C0008,L01,9.885,10.463,11.526,11.742,Normal,Normal,0.5779999999999994,5.847243297926145,1.0630000000000006,0.21600000000000108,1.857000000000001,10.03885,-0.15385000000000026
C0009,L01,9.336,16.533,28.97,44.734,Latent_Defect,Anomaly,7.197000000000001,77.08868894601542,12.436999999999998,15.764000000000003,35.398,10.03885,-0.7028499999999998
C0010,L01,9.495,9.679,10.541,11.963,Normal,Normal,0.18400000000000105,1.9378620326487739,0.8620000000000001,1.4219999999999988,2.468,10.03885,-0.5438500000000008
C0011,L01,10.172,10.319,11.494,12.849,Normal,Normal,0.14700000000000024,1.445143531262291,1.174999999999999,1.3550000000000004,2.6769999999999996,10.03885,0.13315000000000055
C0012,L01,10.447,11.098,11.846,12.723,Normal,Normal,0.6510000000000016,6.231454005934733,0.7479999999999993,0.8770000000000007,2.2760000000000016,10.03885,0.4081499999999991
C0013,L01,10.166,10.861,11.807,12.643,Normal,Normal,0.6950000000000003,6.836513869761954,0.9459999999999997,0.8360000000000003,2.4770000000000003,10.03885,0.12715000000000032
C0014,L01,10.59,10.91,11.889,13.29,Normal,Normal,0.3200000000000003,3.021718602455149,0.9789999999999992,1.4009999999999998,2.6999999999999993,10.03885,0.5511499999999998
C0015,L01,10.181,11.923,18.119,26.457,Gradual_Degradation,Anomaly,1.7420000000000009,17.110303506531785,6.196,8.338000000000001,16.276000000000003,10.03885,0.1421499999999991
C0016,L01,11.686,12.002,13.028,13.909,Normal,Normal,0.3160000000000007,2.7040903645387706,1.0259999999999998,0.8810000000000002,2.2230000000000008,10.03885,1.64715
C0017,L01,10.046,10.148,24.08,27.584,Sudden_Degradation,Anomaly,0.10200000000000031,1.0153294843718925,13.931999999999999,3.5040000000000013,17.538,10.03885,0.0071499999999993236
C0018,L01,9.605,10.254,11.012,11.811,Normal,Normal,0.6489999999999991,6.756897449245175,0.7580000000000009,0.7989999999999995,2.2059999999999995,10.03885,-0.4338499999999996
C0019,L01,10.458,12.589,18.687,26.862,Gradual_Degradation,Anomaly,2.1310000000000002,20.37674507554026,6.098000000000001,8.174999999999997,16.403999999999996,10.03885,0.41915000000000013
C0020,L01,9.845,10.48,11.362,11.777,Normal,Normal,0.6349999999999998,6.449974606399185,0.8819999999999997,0.41499999999999915,1.9319999999999986,10.03885,-0.1938499999999994
C0021,L01,10.148,10.7,10.904,12.042,Normal,Normal,0.5519999999999996,5.439495467087107,0.20400000000000063,1.138,1.8940000000000001,10.03885,0.10914999999999964
C0022,L01,9.802,10.244,11.196,12.358,Normal,Normal,0.44200000000000017,4.509283819628649,0.952,1.1620000000000008,2.556000000000001,10.03885,-0.23685000000000045
C0023,L01,10.943,11.478,12.472,12.803,Normal,Normal,0.5350000000000001,4.88897011788358,0.9939999999999998,0.3310000000000013,1.8600000000000012,10.03885,0.9041499999999996
C0024,L01,9.464,9.765,10.783,12.769,Normal,Normal,0.30100000000000016,3.1804733727810666,1.017999999999999,1.9860000000000007,3.3049999999999997,10.03885,-0.5748499999999996
C0025,L01,9.904,10.464,11.566,12.563,Normal,Normal,0.5600000000000005,5.654281098546047,1.1020000000000003,0.9969999999999999,2.6590000000000007,10.03885,-0.13485000000000014
C0026,L01,10.384,11.924,17.557,24.647,Gradual_Degradation,Anomaly,1.5399999999999991,14.830508474576263,5.632999999999999,7.09,14.262999999999998,10.03885,0.3451500000000003
C0027,L01,10.701,10.921,11.657,12.688,Normal,Normal,0.21999999999999886,2.0558826277917843,0.7360000000000007,1.0310000000000006,1.987,10.03885,0.6621500000000005
C0028,L01,9.753,10.438,11.468,12.266,Normal,Normal,0.6850000000000005,7.023479954885681,1.0299999999999994,0.798,2.513,10.03885,-0.28584999999999994
C0029,L01,9.225,9.738,10.899,11.533,Normal,Normal,0.5129999999999999,5.560975609756097,1.1609999999999996,0.6340000000000003,2.308,10.03885,-0.8138500000000004
C0030,L01,10.31,10.778,11.543,12.414,Normal,Normal,0.46799999999999997,4.539282250242483,0.7649999999999988,0.8710000000000004,2.103999999999999,10.03885,0.27115000000000045
C0031,L01,10.407,11.914,18.006,28.545,Gradual_Degradation,Anomaly,1.5069999999999997,14.480638032093779,6.0920000000000005,10.539000000000001,18.138,10.03885,0.36815
C0032,L01,9.838,10.297,25.816,31.598,Sudden_Degradation,Anomaly,0.4590000000000014,4.665582435454375,15.518999999999998,5.782,21.759999999999998,10.03885,-0.20085000000000086
C0033,L01,9.382,10.853,16.347,25.565,Gradual_Degradation,Anomaly,1.471,15.67895971008314,5.4940000000000015,9.218,16.183,10.03885,-0.6568500000000004
C0034,L01,10.113,10.783,11.871,12.585,Normal,Normal,0.6699999999999999,6.625135963611194,1.088000000000001,0.7140000000000004,2.4720000000000013,10.03885,0.0741499999999995
C0035,L01,10.933,11.528,12.748,13.366,Normal,Normal,0.5950000000000006,5.44223909265527,1.2199999999999989,0.6180000000000003,2.433,10.03885,0.8941499999999998
C0036,L01,9.624,11.172,16.943,25.356,Gradual_Degradation,Anomaly,1.548,16.084788029925186,5.771000000000001,8.413,15.732000000000001,10.03885,-0.4148499999999995
C0037,L01,10.411,11.29,11.879,12.571,Normal,Normal,0.8789999999999996,8.44299298818557,0.5890000000000004,0.6920000000000002,2.16,10.03885,0.37214999999999954
C0038,L01,10.439,10.891,11.895,13.477,Normal,Normal,0.45199999999999996,4.329916658683781,1.0039999999999996,1.5820000000000007,3.0380000000000003,10.03885,0.40015
C0039,L01,9.868,10.912,11.623,13.014,Normal,Normal,1.0440000000000005,10.579651398459673,0.7109999999999985,1.391,3.145999999999999,10.03885,-0.17084999999999972
C0040,L01,10.021,10.494,11.426,12.712,Normal,Normal,0.472999999999999,4.720087815587256,0.9320000000000004,1.2859999999999996,2.690999999999999,10.03885,-0.017849999999999255
C0041,L01,10.237,17.164,28.259,43.813,Latent_Defect,Anomaly,6.927000000000001,67.66630848881509,11.094999999999999,15.554000000000002,33.576,10.03885,0.19815000000000005
C0042,L01,10.523,10.954,12.019,12.52,Normal,Normal,0.43100000000000094,4.095790173904789,1.0649999999999995,0.5009999999999994,1.9969999999999999,10.03885,0.48414999999999964
C0043,L01,10.087,10.664,11.733,12.409,Normal,Normal,0.577,5.720233964508773,1.0690000000000008,0.6760000000000002,2.322000000000001,10.03885,0.04814999999999969
C0044,L01,10.529,12.549,18.416,27.469,Gradual_Degradation,Anomaly,2.0199999999999996,19.18510779751163,5.867000000000001,9.053,16.94,10.03885,0.49014999999999986
C0045,L01,9.311,10.936,16.18,24.437,Gradual_Degradation,Anomaly,1.625,17.452475566534208,5.244,8.257000000000001,15.126000000000001,10.03885,-0.7278500000000001
C0046,L01,10.012,10.686,11.858,13.312,Normal,Normal,0.6739999999999995,6.731921693967234,1.1720000000000006,1.4539999999999988,3.299999999999999,10.03885,-0.026849999999999596
C0047,L01,10.477,11.107,23.802,27.301,Sudden_Degradation,Anomaly,0.629999999999999,6.013171709458804,12.695,3.4989999999999988,16.823999999999998,10.03885,0.43815000000000026
C0048,L01,10.083,10.411,12.106,12.359,Normal,Normal,0.3279999999999994,3.253000099176826,1.6950000000000003,0.2530000000000001,2.276,10.03885,0.044150000000000134
C0049,L01,10.343,10.521,11.253,12.119,Normal,Normal,0.17800000000000082,1.720970704824527,0.7319999999999993,0.8659999999999997,1.7759999999999998,10.03885,0.3041499999999999
C0050,L01,10.78,11.306,12.087,13.173,Normal,Normal,0.5259999999999998,4.879406307977735,0.7810000000000006,1.0860000000000003,2.3930000000000007,10.03885,0.7411499999999993
C0051,L01,10.023,10.392,11.801,13.133,Normal,Normal,0.3689999999999998,3.6815324753067924,1.4090000000000007,1.331999999999999,3.1099999999999994,10.03885,-0.015850000000000364
C0052,L01,10.008,10.596,11.397,12.738,Normal,Normal,0.588000000000001,5.875299760191856,0.8010000000000002,1.3409999999999993,2.7300000000000004,10.03885,-0.030850000000000932
C0053,L01,9.604,10.081,10.849,12.514,Normal,Normal,0.4770000000000003,4.966680549770933,0.7680000000000007,1.6649999999999991,2.91,10.03885,-0.43485000000000085
C0054,L01,9.833,10.269,11.799,12.961,Normal,Normal,0.43599999999999994,4.434048611817349,1.5299999999999994,1.1620000000000008,3.128,10.03885,-0.20584999999999987
C0055,L01,9.37,17.287,30.042,47.345,Latent_Defect,Anomaly,7.917,84.49306296691569,12.755000000000003,17.302999999999997,37.975,10.03885,-0.6688500000000008
C0056,L01,9.337,10.205,11.585,12.302,Normal,Normal,0.8680000000000003,9.296347863339406,1.3800000000000008,0.7169999999999987,2.965,10.03885,-0.7018500000000003
C0057,L01,10.222,10.877,11.871,12.498,Normal,Normal,0.6550000000000011,6.407747994521632,0.9939999999999998,0.6269999999999989,2.276,10.03885,0.18314999999999948
C0058,L01,9.353,9.832,11.321,11.749,Normal,Normal,0.479000000000001,5.12135143804128,1.488999999999999,0.4280000000000008,2.396000000000001,10.03885,-0.6858500000000003
C0059,L01,9.78,10.306,11.324,13.263,Normal,Normal,0.5259999999999998,5.378323108384456,1.0180000000000007,1.939,3.4830000000000005,10.03885,-0.2588500000000007
C0060,L01,10.202,10.884,11.944,12.704,Normal,Normal,0.6820000000000004,6.684963732601454,1.0600000000000005,0.7599999999999998,2.5020000000000007,10.03885,0.1631499999999999
C0061,L01,10.035,10.458,21.663,27.944,Sudden_Degradation,Anomaly,0.42300000000000004,4.2152466367713,11.205,6.280999999999999,17.909,10.03885,-0.003849999999999909
C0062,L01,9.692,10.615,11.569,12.804,Normal,Normal,0.923,9.523318200577796,0.9540000000000006,1.2349999999999994,3.112,10.03885,-0.3468499999999999
C0063,L01,10.14,10.516,11.781,12.596,Normal,Normal,0.37599999999999945,3.7080867850098564,1.2650000000000006,0.8149999999999995,2.4559999999999995,10.03885,0.10115000000000052
C0064,L01,9.689,10.118,11.388,12.511,Normal,Normal,0.42900000000000027,4.427701517184439,1.2699999999999996,1.1229999999999993,2.821999999999999,10.03885,-0.34985
C0065,L01,10.406,11.032,12.198,12.914,Normal,Normal,0.6259999999999994,6.0157601383816965,1.1660000000000004,0.7159999999999993,2.507999999999999,10.03885,0.36715000000000053
C0066,L01,9.106,10.618,16.056,23.853,Gradual_Degradation,Anomaly,1.5120000000000005,16.604436635185596,5.438000000000001,7.797000000000001,14.747000000000002,10.03885,-0.9328500000000002
C0067,L01,9.891,12.331,17.004,25.266,Gradual_Degradation,Anomaly,2.4399999999999995,24.66889091092912,4.673000000000002,8.261999999999997,15.374999999999998,10.03885,-0.14785000000000004
C0068,L01,10.006,12.378,17.924,25.614,Gradual_Degradation,Anomaly,2.372,23.70577653407955,5.545999999999999,7.690000000000001,15.608,10.03885,-0.032849999999999824
C0069,L01,10.162,17.032,32.857,48.987,Latent_Defect,Anomaly,6.869999999999999,67.60480220429048,15.825,16.130000000000003,38.825,10.03885,0.12315000000000076
C0070,L01,9.104,9.515,10.862,12.179,Normal,Normal,0.41100000000000136,4.514499121265393,1.3469999999999995,1.3170000000000002,3.075000000000001,10.03885,-0.9348500000000008
C0071,L01,10.312,10.938,11.728,12.724,Normal,Normal,0.6260000000000012,6.0705973622963665,0.7899999999999991,0.9960000000000004,2.412000000000001,10.03885,0.27314999999999934
C0072,L01,8.955,9.809,23.158,27.837,Sudden_Degradation,Anomaly,0.8539999999999992,9.536571747627015,13.349000000000002,4.6789999999999985,18.881999999999998,10.03885,-1.08385
C0073,L01,10.206,10.594,11.464,12.545,Normal,Normal,0.3879999999999999,3.8016852831667642,0.870000000000001,1.0809999999999995,2.3390000000000004,10.03885,0.16714999999999947
C0074,L01,10.28,10.954,11.52,11.957,Normal,Normal,0.6740000000000013,6.556420233463048,0.565999999999999,0.43700000000000117,1.6770000000000014,10.03885,0.2411499999999993
C0075,L01,9.641,11.555,14.926,24.496,Gradual_Degradation,Anomaly,1.9139999999999997,19.852712374235036,3.3710000000000004,9.569999999999999,14.854999999999999,10.03885,-0.39785000000000004
C0076,L01,9.849,10.348,11.445,12.114,Normal,Normal,0.49900000000000055,5.066504213625754,1.0969999999999995,0.6690000000000005,2.2650000000000006,10.03885,-0.18984999999999985
C0077,L01,10.26,18.792,27.901,40.213,Latent_Defect,Anomaly,8.532000000000002,83.15789473684212,9.108999999999998,12.312000000000001,29.953000000000003,10.03885,0.22114999999999974
C0078,L01,9.828,17.286,29.734,43.759,Latent_Defect,Anomaly,7.458000000000002,75.8852258852259,12.448,14.024999999999999,33.931,10.03885,-0.21085000000000065
C0079,L01,10.049,16.276,32.827,47.64,Latent_Defect,Anomaly,6.227,61.96636481241915,16.551,14.813000000000002,37.591,10.03885,0.010149999999999437
C0080,L01,9.784,10.656,11.918,12.991,Normal,Normal,0.8719999999999999,8.9125102207686,1.2619999999999987,1.0730000000000004,3.206999999999999,10.03885,-0.25484999999999935
C0081,L01,11.095,11.433,12.386,12.844,Normal,Normal,0.3379999999999992,3.0464173050923766,0.9529999999999994,0.4580000000000002,1.7489999999999988,10.03885,1.0561500000000006
C0082,L01,10.516,10.654,11.757,13.507,Normal,Normal,0.1379999999999999,1.3122860403195122,1.1029999999999998,1.75,2.9909999999999997,10.03885,0.47714999999999996
C0083,L01,10.475,10.86,12.082,13.673,Normal,Normal,0.3849999999999998,3.67541766109785,1.2220000000000013,1.5909999999999993,3.1980000000000004,10.03885,0.4361499999999996
C0084,L01,10.35,10.824,28.183,32.713,Sudden_Degradation,Anomaly,0.4740000000000002,4.579710144927538,17.359,4.530000000000001,22.363,10.03885,0.3111499999999996
C0085,L01,9.143,17.497,30.049,44.606,Latent_Defect,Anomaly,8.354,91.37044733676035,12.552,14.557000000000002,35.463,10.03885,-0.8958499999999994
C0086,L01,8.774,9.094,10.095,11.114,Normal,Normal,0.3200000000000003,3.6471392751310727,1.0010000000000012,1.0190000000000001,2.3400000000000016,10.03885,-1.264850000000001
C0087,L01,9.775,10.4,10.989,12.203,Normal,Normal,0.625,6.3938618925831205,0.5890000000000004,1.2139999999999986,2.427999999999999,10.03885,-0.2638499999999997
C0088,L01,10.53,11.338,12.438,13.139,Normal,Normal,0.8079999999999998,7.673314339981005,1.1000000000000014,0.7009999999999987,2.609,10.03885,0.4911499999999993
C0089,L01,10.776,11.299,12.35,13.811,Normal,Normal,0.5229999999999997,4.853377876763175,1.0510000000000002,1.4610000000000003,3.035,10.03885,0.7371499999999997
C0090,L01,10.513,11.047,12.24,13.788,Normal,Normal,0.5340000000000007,5.079425473223634,1.1929999999999996,1.548,3.2750000000000004,10.03885,0.47414999999999985
C0091,L01,9.518,10.155,10.635,12.213,Normal,Normal,0.6369999999999987,6.692582475309925,0.4800000000000004,1.5779999999999994,2.6949999999999985,10.03885,-0.5208499999999994
C0092,L01,10.443,10.916,12.366,13.396,Normal,Normal,0.47300000000000075,4.529349803696263,1.4499999999999993,1.0300000000000011,2.953000000000001,10.03885,0.40414999999999957
C0093,L01,10.814,11.038,26.009,31.805,Sudden_Degradation,Anomaly,0.2240000000000002,2.0713889402626244,14.971,5.795999999999999,20.991,10.03885,0.77515
C0094,L01,9.859,15.195,23.06,36.881,Latent_Defect,Anomaly,5.336,54.12313622071204,7.864999999999998,13.821000000000002,27.022,10.03885,-0.17985000000000007
C0095,L01,9.348,9.982,10.651,11.846,Normal,Normal,0.6339999999999986,6.782199400941362,0.6690000000000005,1.1950000000000003,2.4979999999999993,10.03885,-0.6908499999999993
C0096,L01,10.374,10.816,11.52,12.721,Normal,Normal,0.44200000000000017,4.260651629072683,0.7039999999999988,1.2010000000000005,2.3469999999999995,10.03885,0.3351500000000005
C0097,L01,9.735,10.076,10.646,11.569,Normal,Normal,0.3410000000000011,3.5028248587570734,0.5700000000000003,0.923,1.8340000000000014,10.03885,-0.3038500000000006
C0098,L01,10.029,10.072,10.862,11.948,Normal,Normal,0.04299999999999926,0.4287566058430478,0.7900000000000009,1.0860000000000003,1.9190000000000005,10.03885,-0.009850000000000136
C0099,L01,9.944,11.855,16.266,24.846,Gradual_Degradation,Anomaly,1.9109999999999996,19.217618664521314,4.410999999999998,8.580000000000002,14.902,10.03885,-0.09484999999999921
C0100,L01,9.726,9.981,10.526,12.073,Normal,Normal,0.254999999999999,2.6218383713756834,0.5449999999999999,1.5470000000000006,2.3469999999999995,10.03885,-0.3128499999999992
C0101,L02,10.822,11.273,12.528,13.133,Normal,Normal,0.4510000000000005,4.167436703012387,1.2550000000000008,0.6049999999999986,2.311,9.9898,0.8321999999999985
C0102,L02,10.014,10.708,11.67,12.287,Normal,Normal,0.6940000000000008,6.930297583383273,0.9619999999999997,0.6170000000000009,2.2730000000000015,9.9898,0.024199999999998667
C0103,L02,9.197,9.737,10.681,11.662,Normal,Normal,0.5400000000000009,5.871479830379482,0.9439999999999991,0.9810000000000016,2.4650000000000016,9.9898,-0.7928000000000015
C0104,L02,9.469,9.838,11.345,12.697,Normal,Normal,0.3689999999999998,3.896926813813494,1.5070000000000014,1.3519999999999985,3.2279999999999998,9.9898,-0.5208000000000013
C0105,L02,9.996,10.792,12.504,13.91,Normal,Normal,0.7959999999999994,7.9631852741096365,1.7119999999999997,1.4060000000000006,3.9139999999999997,9.9898,0.006199999999999761
C0106,L02,9.78,10.596,11.333,11.78,Normal,Normal,0.8160000000000007,8.343558282208596,0.7370000000000001,0.4469999999999992,2.0,9.9898,-0.20980000000000132
C0107,L02,10.463,11.345,12.353,13.404,Normal,Normal,0.8820000000000014,8.42970467361179,1.0079999999999991,1.0510000000000002,2.9410000000000007,9.9898,0.4731999999999985
C0108,L02,9.819,10.272,11.076,11.882,Normal,Normal,0.4529999999999994,4.613504430186366,0.8040000000000003,0.8059999999999992,2.062999999999999,9.9898,-0.17079999999999984
C0109,L02,9.704,10.031,10.28,11.554,Normal,Normal,0.32699999999999996,3.3697444352844186,0.24899999999999878,1.274000000000001,1.8499999999999996,9.9898,-0.28580000000000005
C0110,L02,10.195,10.678,24.525,30.28,Sudden_Degradation,Anomaly,0.48300000000000054,4.737616478666018,13.846999999999998,5.755000000000003,20.085,9.9898,0.2051999999999996
C0111,L02,10.25,10.555,29.642,36.261,Sudden_Degradation,Anomaly,0.3049999999999997,2.9756097560975583,19.087,6.619000000000003,26.011000000000003,9.9898,0.2601999999999993
C0112,L02,10.467,10.814,11.585,11.863,Normal,Normal,0.34699999999999953,3.315181045189639,0.7710000000000008,0.2779999999999987,1.395999999999999,9.9898,0.47719999999999985
C0113,L02,9.186,9.696,10.239,11.558,Normal,Normal,0.5099999999999998,5.5519268451992145,0.543000000000001,1.318999999999999,2.372,9.9898,-0.8038000000000007
C0114,L02,9.43,9.984,10.788,11.807,Normal,Normal,0.5540000000000003,5.87486744432662,0.8040000000000003,1.0190000000000001,2.3770000000000007,9.9898,-0.559800000000001
C0115,L02,9.57,9.993,10.812,12.116,Normal,Normal,0.42300000000000004,4.4200626959247655,0.8189999999999991,1.3040000000000003,2.5459999999999994,9.9898,-0.4198000000000004
C0116,L02,10.553,11.207,11.466,12.147,Normal,Normal,0.6539999999999999,6.197289870179095,0.25899999999999856,0.6810000000000009,1.5939999999999994,9.9898,0.5632000000000001
C0117,L02,10.289,12.207,17.343,25.432,Gradual_Degradation,Anomaly,1.918000000000001,18.64126737292255,5.135999999999999,8.088999999999999,15.142999999999999,9.9898,0.299199999999999
C0118,L02,10.244,12.876,18.146,25.734,Gradual_Degradation,Anomaly,2.6319999999999997,25.693088637251073,5.270000000000001,7.588000000000001,15.490000000000002,9.9898,0.2541999999999991
C0119,L02,9.756,10.17,11.333,12.747,Normal,Normal,0.4139999999999997,4.2435424354243505,1.1630000000000003,1.4139999999999997,2.9909999999999997,9.9898,-0.23380000000000045
C0120,L02,8.896,9.468,26.871,31.462,Sudden_Degradation,Anomaly,0.5719999999999992,6.429856115107905,17.403,4.591000000000001,22.566,9.9898,-1.0937999999999999
C0121,L02,8.981,9.279,10.595,11.257,Normal,Normal,0.29800000000000004,3.3181160227146207,1.3160000000000007,0.661999999999999,2.276,9.9898,-1.0088000000000008
C0122,L02,9.21,9.713,26.372,29.161,Sudden_Degradation,Anomaly,0.5029999999999983,5.461454940282284,16.659,2.7890000000000015,19.951,9.9898,-0.7797999999999998
C0123,L02,10.118,10.772,11.822,13.049,Normal,Normal,0.6539999999999999,6.46372800948804,1.049999999999999,1.2270000000000003,2.930999999999999,9.9898,0.12819999999999965
C0124,L02,9.563,11.402,16.909,27.179,Gradual_Degradation,Anomaly,1.8389999999999986,19.230367039631897,5.507,10.27,17.616,9.9898,-0.42680000000000007
C0125,L02,10.091,10.641,11.313,11.986,Normal,Normal,0.5500000000000007,5.450401347735613,0.6720000000000006,0.673,1.8950000000000014,9.9898,0.10119999999999862
C0126,L02,10.755,11.335,28.41,32.9,Sudden_Degradation,Anomaly,0.5800000000000001,5.392840539284054,17.075,4.489999999999998,22.144999999999996,9.9898,0.7652000000000001
C0127,L02,9.865,11.474,16.132,23.579,Gradual_Degradation,Anomaly,1.609,16.31018753167765,4.658000000000001,7.446999999999999,13.714,9.9898,-0.12480000000000047
C0128,L02,10.482,11.177,12.301,14.051,Normal,Normal,0.6950000000000003,6.630414043121545,1.1240000000000006,1.75,3.569000000000001,9.9898,0.49219999999999864
C0129,L02,9.613,9.864,10.915,12.25,Normal,Normal,0.2510000000000012,2.611047539789881,1.0509999999999984,1.3350000000000009,2.6370000000000005,9.9898,-0.37680000000000113
C0130,L02,9.555,9.59,25.15,29.024,Sudden_Degradation,Anomaly,0.03500000000000014,0.36630036630036783,15.559999999999999,3.8740000000000023,19.469,9.9898,-0.43480000000000096
C0131,L02,11.223,11.749,13.283,14.519,Normal,Normal,0.5259999999999998,4.6868038848792635,1.533999999999999,1.2360000000000007,3.2959999999999994,9.9898,1.2332
C0132,L02,10.108,10.697,12.261,13.8,Normal,Normal,0.5889999999999986,5.827067669172918,1.564,1.5390000000000015,3.692,9.9898,0.11819999999999986
C0133,L02,10.797,11.194,26.014,31.795,Sudden_Degradation,Anomaly,0.39700000000000024,3.676947300175977,14.819999999999999,5.781000000000002,20.998,9.9898,0.8071999999999999
C0134,L02,11.269,11.874,12.827,13.656,Normal,Normal,0.6050000000000004,5.368710622060524,0.9529999999999994,0.8290000000000006,2.3870000000000005,9.9898,1.2791999999999994
C0135,L02,9.494,9.663,10.594,11.845,Normal,Normal,0.16900000000000048,1.7800716241837,0.9309999999999992,1.2510000000000012,2.351000000000001,9.9898,-0.4958000000000009
C0136,L02,10.635,10.971,11.893,12.292,Normal,Normal,0.3360000000000003,3.159379407616364,0.9220000000000006,0.39899999999999913,1.657,9.9898,0.6451999999999991
C0137,L02,9.877,10.323,11.564,12.501,Normal,Normal,0.44599999999999973,4.515541156221522,1.2409999999999997,0.9369999999999994,2.6239999999999988,9.9898,-0.11280000000000001
C0138,L02,10.54,10.671,11.591,12.148,Normal,Normal,0.13100000000000023,1.2428842504743856,0.9199999999999999,0.5570000000000004,1.6080000000000005,9.9898,0.5501999999999985
C0139,L02,11.287,11.799,12.564,13.833,Normal,Normal,0.5119999999999987,4.5361920793833495,0.7650000000000006,1.2690000000000001,2.5459999999999994,9.9898,1.2972000000000001
C0140,L02,9.943,10.474,11.464,12.246,Normal,Normal,0.5310000000000006,5.340440510912205,0.9900000000000002,0.782,2.303000000000001,9.9898,-0.04680000000000106
C0141,L02,9.644,11.686,17.797,23.138,Gradual_Degradation,Anomaly,2.042,21.173786810452093,6.111000000000001,5.341000000000001,13.494000000000002,9.9898,-0.34580000000000055
C0142,L02,8.961,9.213,10.11,10.961,Normal,Normal,0.2519999999999989,2.812186139939726,0.8970000000000002,0.8510000000000009,2.0,9.9898,-1.0288000000000004
C0143,L02,9.296,9.641,10.532,11.504,Normal,Normal,0.34500000000000064,3.7112736660929504,0.891,0.9719999999999995,2.208,9.9898,-0.6938000000000013
C0144,L02,10.243,10.588,11.805,12.353,Normal,Normal,0.34499999999999886,3.368153861173473,1.2170000000000005,0.548,2.1099999999999994,9.9898,0.25319999999999965
C0145,L02,9.738,10.336,11.23,12.139,Normal,Normal,0.5980000000000008,6.1408913534606775,0.8940000000000001,0.9089999999999989,2.401,9.9898,-0.25180000000000113
C0146,L02,10.407,10.719,24.997,31.156,Sudden_Degradation,Anomaly,0.3119999999999994,2.9979821274142346,14.278,6.158999999999999,20.749,9.9898,0.41719999999999935
C0147,L02,9.459,10.083,10.582,12.288,Normal,Normal,0.6240000000000006,6.596891849032674,0.49900000000000055,1.7059999999999995,2.8290000000000006,9.9898,-0.530800000000001
C0148,L02,9.379,9.716,10.249,11.491,Normal,Normal,0.33699999999999974,3.5931335963322293,0.5330000000000013,1.241999999999999,2.112,9.9898,-0.6108000000000011
C0149,L02,9.36,10.211,10.685,11.467,Normal,Normal,0.8510000000000009,9.091880341880351,0.4740000000000002,0.782,2.107000000000001,9.9898,-0.6298000000000012
C0150,L02,10.486,12.474,17.183,25.126,Gradual_Degradation,Anomaly,1.9879999999999995,18.95861148197596,4.709,7.943000000000001,14.64,9.9898,0.4962
C0151,L02,10.154,10.312,11.125,11.958,Normal,Normal,0.15799999999999947,1.5560370297419686,0.8130000000000006,0.8330000000000002,1.8040000000000003,9.9898,0.16419999999999924
C0152,L02,9.356,9.876,10.935,11.543,Normal,Normal,0.5199999999999996,5.557930739632317,1.059000000000001,0.6079999999999988,2.1869999999999994,9.9898,-0.6338000000000008
C0153,L02,10.204,10.364,11.223,12.434,Normal,Normal,0.16000000000000014,1.5680125441003543,0.859,1.2109999999999985,2.2299999999999986,9.9898,0.21419999999999995
C0154,L02,10.81,11.624,12.072,12.56,Normal,Normal,0.8140000000000001,7.530064754856615,0.4479999999999986,0.4880000000000013,1.75,9.9898,0.8201999999999998
C0155,L02,9.688,10.193,11.088,12.168,Normal,Normal,0.504999999999999,5.212634186622616,0.8949999999999996,1.08,2.4799999999999986,9.9898,-0.30180000000000007
C0156,L02,9.283,9.899,10.622,11.081,Normal,Normal,0.6159999999999997,6.635785845093178,0.7230000000000008,0.45899999999999963,1.798,9.9898,-0.7068000000000012
C0157,L02,9.512,10.223,11.847,12.725,Normal,Normal,0.7110000000000003,7.474768713204376,1.6239999999999988,0.8780000000000001,3.212999999999999,9.9898,-0.4778000000000002
C0158,L02,10.048,10.583,11.411,12.46,Normal,Normal,0.5350000000000001,5.324442675159237,0.8279999999999994,1.0490000000000013,2.412000000000001,9.9898,0.05819999999999936
C0159,L02,11.28,11.761,12.655,13.752,Normal,Normal,0.48099999999999987,4.2641843971631195,0.8940000000000001,1.0970000000000013,2.4720000000000013,9.9898,1.2901999999999987
C0160,L02,10.09,10.523,11.335,13.06,Normal,Normal,0.43299999999999983,4.291377601585727,0.8120000000000012,1.7249999999999996,2.9700000000000006,9.9898,0.10019999999999918
C0161,L02,10.354,12.129,16.259,25.188,Gradual_Degradation,Anomaly,1.7750000000000004,17.14313308866139,4.130000000000001,8.928999999999998,14.834,9.9898,0.3641999999999985
C0162,L02,9.119,9.847,10.825,12.073,Normal,Normal,0.7279999999999998,7.983331505647547,0.9779999999999998,1.248000000000001,2.9540000000000006,9.9898,-0.8708000000000009
C0163,L02,10.089,10.322,26.955,32.574,Sudden_Degradation,Anomaly,0.23299999999999876,2.309445931212199,16.633,5.619,22.485,9.9898,0.09919999999999973
C0164,L02,10.643,13.068,18.012,24.351,Gradual_Degradation,Anomaly,2.424999999999999,22.78492906135487,4.944000000000001,6.338999999999999,13.707999999999998,9.9898,0.6532
C0165,L02,10.215,10.756,12.002,13.055,Normal,Normal,0.5410000000000004,5.296133137542832,1.2460000000000004,1.052999999999999,2.84,9.9898,0.22519999999999918
C0166,L02,10.223,17.01,28.931,44.294,Latent_Defect,Anomaly,6.787000000000001,66.38951384133817,11.921,15.362999999999996,34.071,9.9898,0.23320000000000007
C0167,L02,10.014,10.52,11.099,12.299,Normal,Normal,0.5060000000000002,5.052925903734773,0.5790000000000006,1.1999999999999993,2.285,9.9898,0.024199999999998667
C0168,L02,9.479,11.99,16.84,24.401,Gradual_Degradation,Anomaly,2.511000000000001,26.4901360903049,4.85,7.561,14.922,9.9898,-0.5108000000000015
C0169,L02,10.723,11.263,12.523,13.636,Normal,Normal,0.5399999999999991,5.035904131306529,1.2599999999999998,1.1129999999999995,2.9129999999999985,9.9898,0.7332000000000001
C0170,L02,9.325,9.942,10.967,12.393,Normal,Normal,0.6170000000000009,6.616621983914219,1.0250000000000004,1.4260000000000002,3.0680000000000014,9.9898,-0.6648000000000014
C0171,L02,9.741,10.523,11.799,12.925,Normal,Normal,0.782,8.027923211169286,1.2759999999999998,1.1260000000000012,3.184000000000001,9.9898,-0.24880000000000102
C0172,L02,9.159,10.456,15.12,22.838,Gradual_Degradation,Anomaly,1.2969999999999988,14.160934599847131,4.664,7.718000000000002,13.679,9.9898,-0.8308
C0173,L02,9.328,9.644,10.064,10.581,Normal,Normal,0.3160000000000007,3.387650085763301,0.41999999999999993,0.5169999999999995,1.2530000000000001,9.9898,-0.6618000000000013
C0174,L02,9.465,10.101,27.07,31.856,Sudden_Degradation,Anomaly,0.636000000000001,6.719492868462769,16.969,4.786000000000001,22.391000000000002,9.9898,-0.5248000000000008
C0175,L02,9.975,10.61,11.96,13.609,Normal,Normal,0.6349999999999998,6.365914786967417,1.3500000000000014,1.6489999999999991,3.6340000000000003,9.9898,-0.014800000000001035
C0176,L02,9.215,9.73,10.543,11.321,Normal,Normal,0.5150000000000006,5.588714053174179,0.8129999999999988,0.7780000000000005,2.106,9.9898,-0.7748000000000008
C0177,L02,9.681,10.419,11.307,11.838,Normal,Normal,0.7380000000000013,7.623179423613277,0.8879999999999999,0.5309999999999988,2.157,9.9898,-0.3088000000000015
C0178,L02,10.398,11.108,11.942,13.195,Normal,Normal,0.7100000000000009,6.8282361992690985,0.8339999999999996,1.2530000000000001,2.7970000000000006,9.9898,0.408199999999999
C0179,L02,10.101,10.298,11.046,12.112,Normal,Normal,0.19699999999999918,1.950301950301942,0.7479999999999993,1.0660000000000007,2.0109999999999992,9.9898,0.11120000000000019
C0180,L02,9.819,10.435,11.521,12.655,Normal,Normal,0.6159999999999997,6.273551278134226,1.0860000000000003,1.1339999999999986,2.8359999999999985,9.9898,-0.17079999999999984
C0181,L02,10.329,11.231,11.707,12.204,Normal,Normal,0.9019999999999992,8.732694355697543,0.47600000000000087,0.4969999999999999,1.875,9.9898,0.33919999999999995
C0182,L02,10.442,10.752,11.597,12.686,Normal,Normal,0.3100000000000005,2.968779927217013,0.8449999999999989,1.0890000000000004,2.2439999999999998,9.9898,0.4521999999999995
C0183,L02,9.992,10.729,12.091,13.228,Normal,Normal,0.7369999999999983,7.3759007205764435,1.362,1.1370000000000005,3.235999999999999,9.9898,0.002200000000000202
C0184,L02,10.662,10.936,12.111,12.967,Normal,Normal,0.27399999999999913,2.5698743200149985,1.1750000000000007,0.8559999999999999,2.3049999999999997,9.9898,0.6722000000000001
C0185,L02,10.295,11.017,26.828,32.543,Sudden_Degradation,Anomaly,0.7219999999999995,7.01311316172899,15.811,5.715,22.247999999999998,9.9898,0.30519999999999925
C0186,L02,10.251,10.923,12.337,13.597,Normal,Normal,0.6720000000000006,6.555458004097167,1.4139999999999997,1.2599999999999998,3.346,9.9898,0.26119999999999877
C0187,L02,9.916,10.446,11.239,12.437,Normal,Normal,0.5299999999999994,5.344897135941905,0.793000000000001,1.1979999999999986,2.520999999999999,9.9898,-0.07380000000000031
C0188,L02,10.209,10.789,11.847,12.865,Normal,Normal,0.5800000000000001,5.681261631893428,1.0579999999999998,1.0180000000000007,2.6560000000000006,9.9898,0.21919999999999895
C0189,L02,9.32,9.969,11.418,12.503,Normal,Normal,0.6489999999999991,6.963519313304712,1.4489999999999998,1.0850000000000009,3.183,9.9898,-0.6698000000000004
C0190,L02,10.133,10.553,11.524,12.636,Normal,Normal,0.4200000000000017,4.144873186617998,0.9709999999999983,1.112,2.503,9.9898,0.14319999999999844
C0191,L02,10.304,10.841,11.894,13.057,Normal,Normal,0.536999999999999,5.211568322981357,1.0530000000000008,1.1630000000000003,2.753,9.9898,0.3141999999999996
C0192,L02,9.907,11.745,16.851,24.151,Gradual_Degradation,Anomaly,1.8379999999999992,18.55253860906429,5.106,7.300000000000001,14.244,9.9898,-0.08280000000000065
C0193,L02,10.598,10.793,11.903,12.693,Normal,Normal,0.1949999999999985,1.8399698056236882,1.1100000000000012,0.7899999999999991,2.094999999999999,9.9898,0.6082000000000001
C0194,L02,9.934,11.12,15.676,25.557,Gradual_Degradation,Anomaly,1.186,11.93879605395611,4.556000000000001,9.880999999999998,15.623,9.9898,-0.055800000000001404
C0195,L02,9.276,9.336,10.531,11.926,Normal,Normal,0.0600000000000005,0.6468305304010403,1.1950000000000003,1.3949999999999996,2.6500000000000004,9.9898,-0.7138000000000009
C0196,L02,10.561,11.323,12.518,13.478,Normal,Normal,0.7620000000000005,7.215225830887231,1.1950000000000003,0.9599999999999991,2.917,9.9898,0.5711999999999993
C0197,L02,10.923,11.209,12.479,13.396,Normal,Normal,0.2859999999999996,2.6183282980866025,1.2699999999999996,0.9170000000000016,2.4730000000000008,9.9898,0.9331999999999994
C0198,L02,9.645,10.011,10.635,12.213,Normal,Normal,0.36599999999999966,3.794712286158628,0.6240000000000006,1.5779999999999994,2.5679999999999996,9.9898,-0.3448000000000011
C0199,L02,9.959,18.076,30.616,44.155,Latent_Defect,Anomaly,8.117,81.5041670850487,12.54,13.539000000000001,34.196,9.9898,-0.03080000000000105
C0200,L02,10.354,12.643,18.157,27.486,Gradual_Degradation,Anomaly,2.2890000000000015,22.1073981070118,5.513999999999999,9.329,17.132,9.9898,0.3641999999999985
C0201,L03,10.098,12.382,16.557,24.508,Gradual_Degradation,Anomaly,2.283999999999999,22.618340265399077,4.174999999999999,7.9510000000000005,14.409999999999998,9.98771,0.11029000000000089
C0202,L03,10.187,10.536,11.524,11.952,Normal,Normal,0.3490000000000002,3.425935015215473,0.9879999999999995,0.4280000000000008,1.7650000000000006,9.98771,0.19928999999999952
C0203,L03,10.064,10.428,11.237,12.636,Normal,Normal,0.36400000000000077,3.6168521462639185,0.8089999999999993,1.3989999999999991,2.571999999999999,9.98771,0.07629000000000019
C0204,L03,9.862,10.356,11.221,11.251,Normal,Normal,0.4939999999999998,5.00912593794362,0.8650000000000002,0.02999999999999936,1.3889999999999993,9.98771,-0.12570999999999977
C0205,L03,9.208,9.86,10.972,12.163,Normal,Normal,0.6519999999999992,7.080799304952206,1.112,1.1910000000000007,2.955,9.98771,-0.7797099999999997
C0206,L03,9.988,10.374,11.373,11.909,Normal,Normal,0.386000000000001,3.8646375650781035,0.9989999999999988,0.5360000000000014,1.9210000000000012,9.98771,0.0002899999999996794
C0207,L03,10.752,11.427,12.164,13.179,Normal,Normal,0.6749999999999989,6.277901785714275,0.7370000000000001,1.0150000000000006,2.4269999999999996,9.98771,0.7642900000000008
C0208,L03,9.865,10.348,11.048,11.935,Normal,Normal,0.48300000000000054,4.896097313735433,0.6999999999999993,0.8870000000000005,2.0700000000000003,9.98771,-0.12270999999999965
C0209,L03,10.899,13.155,17.76,25.315,Gradual_Degradation,Anomaly,2.2560000000000002,20.69914671070741,4.605000000000002,7.555,14.416000000000002,9.98771,0.9112899999999993
C0210,L03,10.138,11.818,16.866,24.219,Gradual_Degradation,Anomaly,1.6799999999999997,16.57131584138883,5.048,7.3530000000000015,14.081000000000001,9.98771,0.15029000000000003
C0211,L03,10.349,12.507,17.043,26.132,Gradual_Degradation,Anomaly,2.1579999999999995,20.852256256643148,4.536,9.089000000000002,15.783000000000001,9.98771,0.36129000000000033
C0212,L03,10.057,12.437,19.098,26.408,Gradual_Degradation,Anomaly,2.379999999999999,23.665108879387482,6.661,7.310000000000002,16.351,9.98771,0.06929000000000052
C0213,L03,10.868,11.408,12.098,12.886,Normal,Normal,0.5399999999999991,4.968715495031276,0.6900000000000013,0.7879999999999985,2.017999999999999,9.98771,0.8802900000000005
C0214,L03,10.309,11.035,12.553,13.728,Normal,Normal,0.7260000000000009,7.042390144533911,1.5180000000000007,1.174999999999999,3.4190000000000005,9.98771,0.3212899999999994
C0215,L03,10.019,10.543,11.392,12.477,Normal,Normal,0.5239999999999991,5.23006288052699,0.8490000000000002,1.0850000000000009,2.458,9.98771,0.03129000000000026
C0216,L03,10.546,12.501,17.115,26.689,Gradual_Degradation,Anomaly,1.955,18.53783424995259,4.613999999999999,9.574000000000002,16.143,9.98771,0.5582899999999995
C0217,L03,9.387,14.923,23.799,41.803,Latent_Defect,Anomaly,5.536,58.97517843826567,8.876,18.003999999999998,32.416,9.98771,-0.6007099999999994
C0218,L03,9.947,10.803,25.458,31.342,Sudden_Degradation,Anomaly,0.8560000000000016,8.605609731577376,14.654999999999998,5.884,21.395,9.98771,-0.04071000000000069
C0219,L03,10.326,10.511,26.577,30.323,Sudden_Degradation,Anomaly,0.18499999999999872,1.7915940344760672,16.066000000000003,3.7459999999999987,19.997,9.98771,0.33829000000000065
C0220,L03,10.688,11.344,12.492,13.596,Normal,Normal,0.6559999999999988,6.137724550898192,1.1480000000000015,1.1039999999999992,2.9079999999999995,9.98771,0.7002900000000007
C0221,L03,9.725,16.053,28.701,42.118,Latent_Defect,Anomaly,6.328000000000001,65.06940874035992,12.648,13.417000000000002,32.393,9.98771,-0.2627100000000002
C0222,L03,9.175,9.665,26.208,28.36,Sudden_Degradation,Anomaly,0.48999999999999844,5.340599455040854,16.543,2.152000000000001,19.185,9.98771,-0.8127099999999992
C0223,L03,10.574,10.726,11.839,12.804,Normal,Normal,0.15200000000000102,1.4374881785511728,1.1129999999999995,0.9649999999999999,2.2300000000000004,9.98771,0.58629
C0224,L03,10.404,10.654,11.514,12.653,Normal,Normal,0.25,2.4029219530949635,0.8599999999999994,1.1390000000000011,2.2490000000000006,9.98771,0.41629000000000005
C0225,L03,9.977,10.572,10.943,12.045,Normal,Normal,0.5949999999999989,5.963716548060527,0.37100000000000044,1.1020000000000003,2.0679999999999996,9.98771,-0.010709999999999553
C0226,L03,9.87,10.617,12.067,13.407,Normal,Normal,0.7470000000000017,7.568389057750776,1.4499999999999993,1.3399999999999999,3.537000000000001,9.98771,-0.11771000000000065
C0227,L03,9.826,10.256,11.51,12.999,Normal,Normal,0.4299999999999997,4.376144921636472,1.2539999999999996,1.4890000000000008,3.173,9.98771,-0.16170999999999935
C0228,L03,10.607,12.571,18.396,26.634,Gradual_Degradation,Anomaly,1.9640000000000004,18.51607429056284,5.825000000000001,8.238,16.027,9.98771,0.6192899999999995
C0229,L03,9.87,10.331,11.346,12.071,Normal,Normal,0.4610000000000003,4.670719351570419,1.0150000000000006,0.7249999999999996,2.2010000000000005,9.98771,-0.11771000000000065
C0230,L03,9.935,10.228,25.385,28.387,Sudden_Degradation,Anomaly,0.29299999999999926,2.9491696024156946,15.157000000000002,3.001999999999999,18.451999999999998,9.98771,-0.05270999999999937
C0231,L03,10.458,11.027,11.397,13.572,Normal,Normal,0.5689999999999991,5.4408108624976,0.370000000000001,2.174999999999999,3.113999999999999,9.98771,0.4702900000000003
C0232,L03,9.564,10.145,11.478,12.062,Normal,Normal,0.5809999999999995,6.074864073609364,1.3330000000000002,0.5839999999999996,2.4979999999999993,9.98771,-0.4237099999999998
C0233,L03,10.306,16.253,28.806,41.505,Latent_Defect,Anomaly,5.947000000000001,57.704249951484584,12.553,12.699000000000002,31.199000000000005,9.98771,0.3182899999999993
C0234,L03,10.537,11.004,12.265,13.463,Normal,Normal,0.46699999999999875,4.432001518458752,1.261000000000001,1.1979999999999986,2.9259999999999984,9.98771,0.5492900000000009
C0235,L03,10.075,10.648,11.937,13.06,Normal,Normal,0.5730000000000004,5.687344913151369,1.2889999999999997,1.123000000000001,2.985000000000001,9.98771,0.08728999999999942
C0236,L03,9.776,10.289,27.5,33.687,Sudden_Degradation,Anomaly,0.5129999999999999,5.247545008183305,17.211,6.186999999999998,23.910999999999998,9.98771,-0.21171000000000006
C0237,L03,10.319,10.591,11.359,12.478,Normal,Normal,0.27199999999999847,2.635914332784169,0.7680000000000007,1.1189999999999998,2.158999999999999,9.98771,0.331290000000001
C0238,L03,10.503,12.402,18.693,27.146,Gradual_Degradation,Anomaly,1.8989999999999991,18.080548414738637,6.291000000000002,8.453,16.643,9.98771,0.5152900000000002
C0239,L03,9.878,10.571,11.885,13.113,Normal,Normal,0.6929999999999996,7.0155902004454305,1.314,1.2279999999999998,3.2349999999999994,9.98771,-0.10970999999999975
C0240,L03,10.361,10.988,11.943,12.993,Normal,Normal,0.6269999999999989,6.051539426696253,0.9550000000000001,1.0500000000000007,2.6319999999999997,9.98771,0.3732900000000008
C0241,L03,9.913,10.417,11.033,11.376,Normal,Normal,0.5039999999999996,5.084232825582564,0.6159999999999997,0.34299999999999997,1.4629999999999992,9.98771,-0.07470999999999961
C0242,L03,9.557,10.368,11.176,11.647,Normal,Normal,0.8109999999999999,8.485926545987233,0.8079999999999998,0.4710000000000001,2.09,9.98771,-0.4307099999999995
C0243,L03,10.821,11.523,11.848,12.575,Normal,Normal,0.702,6.487385639035209,0.32500000000000107,0.7269999999999985,1.7539999999999996,9.98771,0.8332899999999999
C0244,L03,10.03,10.755,11.338,11.68,Normal,Normal,0.7250000000000014,7.228315054835509,0.5829999999999984,0.3420000000000005,1.6500000000000004,9.98771,0.042289999999999495
C0245,L03,10.511,11.499,12.703,13.933,Normal,Normal,0.9880000000000013,9.399676529350218,1.2039999999999988,1.2300000000000004,3.4220000000000006,9.98771,0.5232899999999994
C0246,L03,9.874,10.452,23.944,28.663,Sudden_Degradation,Anomaly,0.5779999999999994,5.853757342515691,13.491999999999999,4.719000000000001,18.789,9.98771,-0.11370999999999931
C0247,L03,9.154,9.634,10.925,11.678,Normal,Normal,0.4800000000000004,5.2436093511033475,1.2910000000000004,0.7530000000000001,2.524000000000001,9.98771,-0.83371
C0248,L03,9.044,9.623,10.326,11.703,Normal,Normal,0.5789999999999988,6.4020344980097175,0.7030000000000012,1.376999999999999,2.658999999999999,9.98771,-0.9437099999999994
C0249,L03,9.509,9.964,10.673,11.893,Normal,Normal,0.45500000000000007,4.7849405826059535,0.7089999999999996,1.2200000000000006,2.3840000000000003,9.98771,-0.4787099999999995
C0250,L03,10.923,11.468,11.99,13.166,Normal,Normal,0.5449999999999999,4.989471756843358,0.5220000000000002,1.1760000000000002,2.2430000000000003,9.98771,0.9352900000000002
C0251,L03,9.99,12.211,16.748,24.812,Gradual_Degradation,Anomaly,2.221,22.23223223223223,4.537000000000001,8.064,14.822000000000001,9.98771,0.0022900000000003473
C0252,L03,10.236,10.764,11.778,12.795,Normal,Normal,0.5279999999999987,5.158264947245004,1.0140000000000011,1.0169999999999995,2.5589999999999993,9.98771,0.2482900000000008
C0253,L03,9.649,10.016,11.361,12.241,Normal,Normal,0.3670000000000009,3.803502953673965,1.3450000000000006,0.879999999999999,2.5920000000000005,9.98771,-0.33871000000000073
C0254,L03,9.862,10.513,11.297,12.655,Normal,Normal,0.6509999999999998,6.601095112553232,0.7840000000000007,1.3579999999999988,2.7929999999999993,9.98771,-0.12570999999999977
C0255,L03,9.853,10.602,11.674,12.361,Normal,Normal,0.7490000000000006,7.6017456612199386,1.0719999999999992,0.6870000000000012,2.508000000000001,9.98771,-0.1347100000000001
C0256,L03,11.111,11.364,12.554,13.719,Normal,Normal,0.2530000000000001,2.277022770227703,1.1899999999999995,1.1649999999999991,2.6079999999999988,9.98771,1.1232900000000008
C0257,L03,9.907,10.381,11.749,13.398,Normal,Normal,0.4740000000000002,4.784495811042699,1.3680000000000003,1.6489999999999991,3.4909999999999997,9.98771,-0.08070999999999984
C0258,L03,9.232,9.785,10.759,12.79,Normal,Normal,0.5530000000000008,5.99003466204507,0.9740000000000002,2.030999999999999,3.558,9.98771,-0.7557100000000005
C0259,L03,9.598,10.426,11.719,13.161,Normal,Normal,0.8279999999999994,8.626797249426957,1.2929999999999993,1.4420000000000002,3.562999999999999,9.98771,-0.3897099999999991
C0260,L03,10.151,10.545,11.431,12.349,Normal,Normal,0.39400000000000013,3.8813909959609907,0.8859999999999992,0.918000000000001,2.1980000000000004,9.98771,0.16328999999999994
C0261,L03,9.709,10.006,10.83,11.751,Normal,Normal,0.2970000000000006,3.05901740653003,0.8239999999999998,0.9209999999999994,2.042,9.98771,-0.27871000000000024
C0262,L03,9.62,11.634,16.821,23.265,Gradual_Degradation,Anomaly,2.014000000000001,20.935550935550946,5.187000000000001,6.443999999999999,13.645000000000001,9.98771,-0.36771000000000065
C0263,L03,10.165,10.832,11.48,11.987,Normal,Normal,0.6670000000000016,6.56173143138221,0.6479999999999997,0.5069999999999997,1.822000000000001,9.98771,0.17728999999999928
C0264,L03,10.347,13.126,17.562,25.506,Gradual_Degradation,Anomaly,2.779,26.858026481105636,4.436000000000002,7.943999999999999,15.159,9.98771,0.35928999999999967
C0265,L03,10.279,10.794,11.497,12.749,Normal,Normal,0.5150000000000006,5.010215001459292,0.7029999999999994,1.2520000000000007,2.4700000000000006,9.98771,0.29129000000000005
C0266,L03,9.543,10.059,10.838,12.333,Normal,Normal,0.516,5.407104684061617,0.7789999999999999,1.495000000000001,2.790000000000001,9.98771,-0.4447100000000006
C0267,L03,10.546,11.167,25.1,28.693,Sudden_Degradation,Anomaly,0.6210000000000004,5.888488526455533,13.933000000000002,3.593,18.147000000000002,9.98771,0.5582899999999995
C0268,L03,10.036,12.349,19.204,27.597,Gradual_Degradation,Anomaly,2.3130000000000006,23.04703068951774,6.855,8.393,17.561,9.98771,0.04828999999999972
C0269,L03,10.096,10.534,11.685,12.918,Normal,Normal,0.4380000000000006,4.3383518225039674,1.1509999999999998,1.2329999999999988,2.821999999999999,9.98771,0.10829000000000022
C0270,L03,9.465,9.787,10.236,11.439,Normal,Normal,0.32200000000000095,3.4020073956682615,0.44899999999999984,1.2029999999999994,1.9740000000000002,9.98771,-0.52271
C0271,L03,9.448,9.518,10.769,11.781,Normal,Normal,0.07000000000000028,0.7408975444538556,1.2509999999999994,1.0120000000000005,2.333,9.98771,-0.5397099999999995
C0272,L03,10.126,10.625,25.789,30.69,Sudden_Degradation,Anomaly,0.49900000000000055,4.927908354730403,15.164000000000001,4.901,20.564,9.98771,0.13828999999999958
C0273,L03,10.46,10.901,27.038,32.638,Sudden_Degradation,Anomaly,0.44099999999999895,4.21606118546844,16.137,5.599999999999998,22.177999999999997,9.98771,0.472290000000001
C0274,L03,9.746,10.199,11.36,12.001,Normal,Normal,0.4529999999999994,4.6480607428688625,1.1609999999999996,0.641,2.254999999999999,9.98771,-0.24170999999999943
C0275,L03,10.014,10.512,11.445,12.524,Normal,Normal,0.4980000000000011,4.973037747153996,0.9329999999999998,1.0789999999999988,2.51,9.98771,0.02628999999999948
C0276,L03,11.232,13.112,18.121,24.809,Gradual_Degradation,Anomaly,1.8800000000000008,16.737891737891747,5.008999999999999,6.688000000000002,13.577000000000002,9.98771,1.2442899999999995
C0277,L03,9.467,9.906,11.059,12.08,Normal,Normal,0.43900000000000006,4.637160663356924,1.1529999999999987,1.0210000000000008,2.6129999999999995,9.98771,-0.5207099999999993
C0278,L03,9.099,9.469,10.188,11.13,Normal,Normal,0.3699999999999992,4.066380920980319,0.7190000000000012,0.9420000000000002,2.0310000000000006,9.98771,-0.8887099999999997
C0279,L03,9.395,10.015,10.725,11.892,Normal,Normal,0.620000000000001,6.599254922831305,0.7099999999999991,1.1669999999999998,2.497,9.98771,-0.5927100000000003
C0280,L03,9.656,16.593,28.89,42.216,Latent_Defect,Anomaly,6.936999999999999,71.84134217067107,12.297,13.326,32.56,9.98771,-0.3317099999999993
C0281,L03,9.693,10.133,11.138,11.846,Normal,Normal,0.4399999999999995,4.539358299803977,1.0050000000000008,0.7080000000000002,2.1530000000000005,9.98771,-0.29471000000000025
C0282,L03,9.233,9.915,10.149,11.523,Normal,Normal,0.6819999999999986,7.386548250839365,0.23399999999999999,1.3740000000000006,2.289999999999999,9.98771,-0.7547099999999993
C0283,L03,9.317,9.772,11.134,12.007,Normal,Normal,0.45500000000000007,4.883546205860256,1.362,0.8729999999999993,2.6899999999999995,9.98771,-0.6707099999999997
C0284,L03,10.439,11.092,11.919,11.882,Normal,Normal,0.6530000000000005,6.255388447169273,0.827,-0.03700000000000081,1.4429999999999996,9.98771,0.4512900000000002
C0285,L03,9.727,10.305,11.007,11.995,Normal,Normal,0.5779999999999994,5.942222679140531,0.702,0.9879999999999995,2.267999999999999,9.98771,-0.26070999999999955
C0286,L03,9.02,11.844,16.822,23.889,Gradual_Degradation,Anomaly,2.824,31.308203991130817,4.978,7.067,14.869,9.98771,-0.9677100000000003
C0287,L03,9.778,11.424,14.582,22.137,Gradual_Degradation,Anomaly,1.645999999999999,16.83370832481079,3.1580000000000013,7.555,12.359,9.98771,-0.2097099999999994
C0288,L03,9.563,10.652,15.117,24.157,Gradual_Degradation,Anomaly,1.0889999999999986,11.387639861967987,4.465000000000002,9.04,14.594,9.98771,-0.42470999999999925
C0289,L03,9.697,10.562,11.536,12.904,Normal,Normal,0.8650000000000002,8.920284624110552,0.9740000000000002,1.3680000000000003,3.2070000000000007,9.98771,-0.2907100000000007
C0290,L03,10.705,11.448,29.052,35.613,Sudden_Degradation,Anomaly,0.7430000000000003,6.9406819243344255,17.604,6.561,24.908,9.98771,0.7172900000000002
C0291,L03,10.016,10.365,11.392,13.081,Normal,Normal,0.3490000000000002,3.4844249201277973,1.0269999999999992,1.689,3.0649999999999995,9.98771,0.02829000000000015
C0292,L03,9.886,10.404,11.294,12.368,Normal,Normal,0.5180000000000007,5.2397329556949295,0.8900000000000006,1.0739999999999998,2.482000000000001,9.98771,-0.10171000000000063
C0293,L03,9.326,9.632,10.836,12.299,Normal,Normal,0.30599999999999916,3.2811494745871665,1.2040000000000006,1.4629999999999992,2.972999999999999,9.98771,-0.6617099999999994
C0294,L03,9.774,10.187,11.543,12.83,Normal,Normal,0.41300000000000026,4.225496214446494,1.3559999999999999,1.2870000000000008,3.056000000000001,9.98771,-0.21371000000000073
C0295,L03,10.498,10.847,11.471,12.27,Normal,Normal,0.3490000000000002,3.324442751000193,0.6240000000000006,0.7989999999999995,1.7720000000000002,9.98771,0.5102899999999995
C0296,L03,10.141,11.77,17.135,27.3,Gradual_Degradation,Anomaly,1.6289999999999996,16.063504585346607,5.365000000000002,10.165,17.159,9.98771,0.15329000000000015
C0297,L03,9.678,17.606,32.517,50.116,Latent_Defect,Anomaly,7.928000000000001,81.91775160157057,14.911000000000001,17.598999999999997,40.438,9.98771,-0.30970999999999904
C0298,L03,10.373,10.992,11.882,12.546,Normal,Normal,0.6190000000000015,5.9674154053793655,0.8899999999999988,0.6639999999999997,2.173,9.98771,0.38528999999999947
C0299,L03,9.478,9.584,10.758,11.817,Normal,Normal,0.10599999999999987,1.1183794049377491,1.1739999999999995,1.059000000000001,2.3390000000000004,9.98771,-0.5097100000000001
C0300,L03,9.758,10.192,11.284,12.61,Normal,Normal,0.43400000000000105,4.447632711621245,1.0920000000000005,1.3259999999999987,2.8520000000000003,9.98771,-0.22971000000000075
C0301,L04,10.43,10.814,27.489,31.675,Sudden_Degradation,Anomaly,0.38400000000000034,3.681687440076705,16.675,4.186,21.245,10.02535,0.4046500000000002
C0302,L04,10.607,12.551,18.081,27.255,Gradual_Degradation,Anomaly,1.9440000000000008,18.32751956255304,5.529999999999999,9.174,16.648,10.02535,0.5816499999999998
C0303,L04,10.091,15.794,27.605,41.433,Latent_Defect,Anomaly,5.703000000000001,56.515707065702124,11.811,13.828,31.342,10.02535,0.06564999999999976
C0304,L04,10.406,11.022,12.393,13.402,Normal,Normal,0.6159999999999997,5.919661733615218,1.3710000000000004,1.0089999999999986,2.9959999999999987,10.02535,0.38065000000000104
C0305,L04,10.154,10.995,11.425,12.456,Normal,Normal,0.8409999999999993,8.282450265905055,0.4300000000000015,1.0309999999999988,2.3019999999999996,10.02535,0.12865000000000038
C0306,L04,10.906,11.53,29.11,34.783,Sudden_Degradation,Anomaly,0.6239999999999988,5.721621125985685,17.58,5.673000000000002,23.877000000000002,10.02535,0.880650000000001
C0307,L04,9.931,10.186,11.434,12.064,Normal,Normal,0.2550000000000008,2.5677172490182336,1.2479999999999993,0.6300000000000008,2.133000000000001,10.02535,-0.09435000000000038
C0308,L04,10.644,11.059,12.56,13.718,Normal,Normal,0.41499999999999915,3.8989101841412923,1.5010000000000012,1.1579999999999995,3.074,10.02535,0.6186500000000006
C0309,L04,9.402,9.991,11.074,12.656,Normal,Normal,0.5890000000000004,6.2646245479685225,1.0830000000000002,1.5820000000000007,3.2540000000000013,10.02535,-0.6233500000000003
C0310,L04,9.275,9.554,10.771,11.621,Normal,Normal,0.2789999999999999,3.008086253369271,1.2170000000000005,0.8499999999999996,2.346,10.02535,-0.7503499999999992
C0311,L04,10.863,11.284,22.886,29.343,Sudden_Degradation,Anomaly,0.42100000000000115,3.8755408266593125,11.601999999999999,6.457000000000001,18.48,10.02535,0.83765
C0312,L04,10.841,11.19,11.733,13.238,Normal,Normal,0.3490000000000002,3.2192602158472488,0.543000000000001,1.504999999999999,2.3970000000000002,10.02535,0.8156499999999998
C0313,L04,9.724,10.736,11.774,12.498,Normal,Normal,1.0120000000000005,10.407239819004529,1.0379999999999985,0.7240000000000002,2.773999999999999,10.02535,-0.30134999999999934
C0314,L04,10.931,11.808,13.115,14.352,Normal,Normal,0.8770000000000007,8.023053700484867,1.3070000000000004,1.237,3.421000000000001,10.02535,0.9056499999999996
C0315,L04,10.389,10.779,12.114,12.854,Normal,Normal,0.39000000000000057,3.7539705457695693,1.3350000000000009,0.7399999999999984,2.465,10.02535,0.3636499999999998
C0316,L04,10.474,11.11,11.768,12.69,Normal,Normal,0.6359999999999992,6.072178728279542,0.6580000000000013,0.9219999999999988,2.2159999999999993,10.02535,0.44865000000000066
C0317,L04,9.642,9.768,10.912,11.366,Normal,Normal,0.12600000000000122,1.306782825140025,1.1440000000000001,0.45399999999999885,1.7240000000000002,10.02535,-0.3833500000000001
C0318,L04,10.095,10.71,12.077,13.309,Normal,Normal,0.6150000000000002,6.09212481426449,1.366999999999999,1.2319999999999993,3.2139999999999986,10.02535,0.0696500000000011
C0319,L04,9.887,11.503,17.462,23.525,Gradual_Degradation,Anomaly,1.6159999999999997,16.344695054111455,5.959,6.062999999999999,13.637999999999998,10.02535,-0.13834999999999908
C0320,L04,9.373,9.943,10.985,11.278,Normal,Normal,0.5700000000000003,6.0812973434332696,1.0419999999999998,0.29300000000000104,1.9050000000000011,10.02535,-0.6523500000000002
C0321,L04,10.162,10.632,11.942,12.864,Normal,Normal,0.46999999999999886,4.625073804369207,1.3100000000000005,0.9220000000000006,2.702,10.02535,0.13665000000000127
C0322,L04,9.816,11.976,16.04,21.168,Gradual_Degradation,Anomaly,2.16,22.00488997555012,4.063999999999998,5.128,11.351999999999999,10.02535,-0.20934999999999881
C0323,L04,9.986,10.841,12.111,13.422,Normal,Normal,0.8549999999999986,8.561986781494078,1.2700000000000014,1.311,3.436,10.02535,-0.039349999999998886
C0324,L04,10.177,10.458,11.688,13.178,Normal,Normal,0.2810000000000006,2.7611280338017155,1.2300000000000004,1.4900000000000002,3.0010000000000012,10.02535,0.15165000000000006
C0325,L04,9.95,10.409,11.516,12.427,Normal,Normal,0.4590000000000014,4.613065326633181,1.1069999999999993,0.9109999999999996,2.4770000000000003,10.02535,-0.07535000000000025
C0326,L04,9.58,11.211,17.405,25.134,Gradual_Degradation,Anomaly,1.6310000000000002,17.02505219206681,6.194000000000001,7.728999999999999,15.554,10.02535,-0.44534999999999947
C0327,L04,9.989,10.34,11.37,11.918,Normal,Normal,0.3509999999999991,3.513865251776945,1.0299999999999994,0.548,1.9289999999999985,10.02535,-0.03634999999999877
C0328,L04,9.119,9.413,24.547,30.063,Sudden_Degradation,Anomaly,0.2940000000000005,3.2240377234345927,15.134,5.515999999999998,20.944,10.02535,-0.9063499999999998
C0329,L04,9.219,11.007,15.119,23.686,Gradual_Degradation,Anomaly,1.7880000000000003,19.394728278555164,4.112,8.567,14.467,10.02535,-0.8063500000000001
C0330,L04,9.333,18.748,27.518,43.847,Latent_Defect,Anomaly,9.415000000000001,100.87860280724313,8.77,16.329,34.514,10.02535,-0.6923499999999994
C0331,L04,9.633,9.971,27.006,34.669,Sudden_Degradation,Anomaly,0.33800000000000097,3.5087719298245714,17.035,7.662999999999997,25.035999999999998,10.02535,-0.3923500000000004
C0332,L04,9.852,11.913,16.251,24.337,Gradual_Degradation,Anomaly,2.061,20.91961023142509,4.338000000000001,8.085999999999999,14.485,10.02535,-0.17334999999999923
C0333,L04,9.464,9.38,10.245,12.049,Normal,Normal,-0.08399999999999963,-0.8875739644970374,0.8649999999999984,1.8040000000000003,2.584999999999999,10.02535,-0.5613499999999991
C0334,L04,10.885,11.178,12.184,12.893,Normal,Normal,0.29300000000000104,2.6917776757005147,1.0059999999999985,0.7090000000000014,2.008000000000001,10.02535,0.8596500000000002
C0335,L04,9.909,10.684,11.495,12.736,Normal,Normal,0.7749999999999986,7.821172671308895,0.8109999999999999,1.2410000000000014,2.827,10.02535,-0.11634999999999884
C0336,L04,9.645,10.043,11.08,12.73,Normal,Normal,0.3979999999999997,4.126490409538619,1.0370000000000008,1.6500000000000004,3.085000000000001,10.02535,-0.38034999999999997
C0337,L04,10.162,10.611,24.89,30.402,Sudden_Degradation,Anomaly,0.44899999999999984,4.4184215705569745,14.279,5.5120000000000005,20.240000000000002,10.02535,0.13665000000000127
C0338,L04,10.159,12.146,17.852,25.775,Gradual_Degradation,Anomaly,1.987,19.559011713751353,5.7059999999999995,7.922999999999998,15.615999999999998,10.02535,0.13365000000000116
C0339,L04,9.91,11.048,12.36,13.562,Normal,Normal,1.138,11.48335015136226,1.3119999999999994,1.202,3.6519999999999992,10.02535,-0.1153499999999994
C0340,L04,10.655,17.087,29.313,40.437,Latent_Defect,Anomaly,6.432,60.36602534021587,12.225999999999999,11.123999999999999,29.781999999999996,10.02535,0.6296499999999998
C0341,L04,10.46,10.826,12.182,13.397,Normal,Normal,0.36599999999999966,3.499043977055446,1.3559999999999999,1.2149999999999999,2.9369999999999994,10.02535,0.4346500000000013
C0342,L04,10.383,10.844,11.99,12.651,Normal,Normal,0.4610000000000003,4.439949918135417,1.1460000000000008,0.6609999999999996,2.2680000000000007,10.02535,0.3576499999999996
C0343,L04,9.678,10.384,24.853,30.337,Sudden_Degradation,Anomaly,0.7059999999999995,7.294895639594952,14.469000000000001,5.483999999999998,20.659,10.02535,-0.3473499999999987
C0344,L04,9.727,10.124,23.213,28.637,Sudden_Degradation,Anomaly,0.39700000000000024,4.081422843631132,13.089,5.4239999999999995,18.91,10.02535,-0.2983499999999992
C0345,L04,11.031,11.318,12.375,13.472,Normal,Normal,0.28699999999999903,2.6017586800833925,1.0570000000000004,1.0969999999999995,2.440999999999999,10.02535,1.005650000000001
C0346,L04,10.261,10.762,11.443,12.614,Normal,Normal,0.5010000000000012,4.882565052139181,0.6809999999999992,1.1710000000000012,2.3530000000000015,10.02535,0.2356499999999997
C0347,L04,9.906,10.604,11.613,12.507,Normal,Normal,0.6979999999999986,7.046234605289708,1.0090000000000003,0.8940000000000001,2.600999999999999,10.02535,-0.11934999999999896
C0348,L04,10.896,11.441,26.83,31.477,Sudden_Degradation,Anomaly,0.5449999999999999,5.001835535976505,15.388999999999998,4.647000000000002,20.581,10.02535,0.8706500000000013
C0349,L04,10.169,12.051,18.497,26.848,Gradual_Degradation,Anomaly,1.8819999999999997,18.507227849346048,6.446,8.350999999999999,16.679,10.02535,0.14365000000000094
C0350,L04,9.848,11.066,14.369,21.761,Gradual_Degradation,Anomaly,1.218,12.36799350121852,3.302999999999999,7.3919999999999995,11.912999999999998,10.02535,-0.1773499999999988
C0351,L04,10.648,11.144,12.308,12.972,Normal,Normal,0.49600000000000044,4.658151765589786,1.1639999999999997,0.6639999999999997,2.324,10.02535,0.6226500000000001
C0352,L04,9.717,10.135,11.62,12.491,Normal,Normal,0.41799999999999926,4.301739219923837,1.4849999999999994,0.8710000000000004,2.773999999999999,10.02535,-0.308349999999999
C0353,L04,10.609,11.413,12.382,13.872,Normal,Normal,0.8040000000000003,7.578471109435387,0.9689999999999994,1.4900000000000002,3.263,10.02535,0.5836500000000004
C0354,L04,10.019,10.546,11.192,12.667,Normal,Normal,0.5269999999999992,5.260005988621611,0.6460000000000008,1.4749999999999996,2.6479999999999997,10.02535,-0.006349999999999412
C0355,L04,9.768,10.308,11.187,12.397,Normal,Normal,0.5399999999999991,5.528255528255519,0.8789999999999996,1.2100000000000009,2.6289999999999996,10.02535,-0.25734999999999886
C0356,L04,9.745,10.401,11.439,13.214,Normal,Normal,0.6560000000000006,6.731657260133408,1.0380000000000003,1.7750000000000004,3.469000000000001,10.02535,-0.2803500000000003
C0357,L04,9.5,9.864,11.173,11.646,Normal,Normal,0.36400000000000077,3.831578947368429,1.3089999999999993,0.47300000000000075,2.146000000000001,10.02535,-0.5253499999999995
C0358,L04,10.362,10.995,12.118,13.022,Normal,Normal,0.6329999999999991,6.108859293572661,1.123000000000001,0.9039999999999999,2.66,10.02535,0.33665000000000056
C0359,L04,10.336,11.216,11.705,11.794,Normal,Normal,0.879999999999999,8.513931888544882,0.48900000000000077,0.08900000000000041,1.4580000000000002,10.02535,0.31065000000000076
C0360,L04,10.07,10.791,11.63,12.594,Normal,Normal,0.7210000000000001,7.159880834160874,0.8390000000000004,0.9639999999999986,2.523999999999999,10.02535,0.044650000000000745
C0361,L04,10.166,10.704,11.574,12.874,Normal,Normal,0.5380000000000003,5.292150304938031,0.8699999999999992,1.3000000000000007,2.708,10.02535,0.14065000000000083
C0362,L04,10.098,12.225,16.476,25.562,Gradual_Degradation,Anomaly,2.126999999999999,21.063576945929874,4.2509999999999994,9.086000000000002,15.464,10.02535,0.07265000000000121
C0363,L04,9.732,10.394,26.073,30.427,Sudden_Degradation,Anomaly,0.6620000000000008,6.80230168516236,15.679,4.353999999999999,20.695,10.02535,-0.2933500000000002
C0364,L04,9.545,10.063,11.057,11.936,Normal,Normal,0.5180000000000007,5.426925091671039,0.9939999999999998,0.8789999999999996,2.391,10.02535,-0.4803499999999996
C0365,L04,10.4,10.577,11.892,12.546,Normal,Normal,0.1769999999999996,1.701923076923073,1.3149999999999995,0.6539999999999999,2.145999999999999,10.02535,0.3746500000000008
C0366,L04,10.214,10.894,11.863,12.795,Normal,Normal,0.6799999999999997,6.657528881926764,0.9689999999999994,0.9320000000000004,2.5809999999999995,10.02535,0.18865000000000087
C0367,L04,10.035,10.767,11.872,13.337,Normal,Normal,0.7319999999999993,7.2944693572496195,1.1050000000000004,1.4649999999999999,3.3019999999999996,10.02535,0.009650000000000603
C0368,L04,10.133,12.389,17.541,26.542,Gradual_Degradation,Anomaly,2.2560000000000002,22.263890259548017,5.152000000000001,9.001000000000001,16.409000000000002,10.02535,0.10764999999999958
C0369,L04,8.648,9.284,10.726,11.585,Normal,Normal,0.636000000000001,7.354301572617958,1.4420000000000002,0.859,2.937000000000001,10.02535,-1.3773499999999999
C0370,L04,10.443,10.989,12.473,13.999,Normal,Normal,0.5460000000000012,5.228382648664189,1.484,1.5259999999999998,3.556000000000001,10.02535,0.4176500000000001
C0371,L04,10.82,11.468,12.179,13.191,Normal,Normal,0.6479999999999997,5.988909426987058,0.7110000000000003,1.0120000000000005,2.3710000000000004,10.02535,0.7946500000000007
C0372,L04,9.872,9.891,10.928,12.149,Normal,Normal,0.019000000000000128,0.19246353322528492,1.0370000000000008,1.2209999999999983,2.2769999999999992,10.02535,-0.15334999999999965
C0373,L04,10.022,10.861,11.829,12.755,Normal,Normal,0.8390000000000004,8.371582518459393,0.968,0.9260000000000002,2.7330000000000005,10.02535,-0.003349999999999298
C0374,L04,9.78,9.839,10.71,11.433,Normal,Normal,0.05900000000000105,0.6032719836400926,0.8710000000000004,0.722999999999999,1.6530000000000005,10.02535,-0.24535000000000018
C0375,L04,9.297,9.78,10.512,11.244,Normal,Normal,0.48299999999999876,5.19522426589221,0.7320000000000011,0.7319999999999993,1.9469999999999992,10.02535,-0.7283499999999989
C0376,L04,9.898,10.399,11.306,12.005,Normal,Normal,0.5009999999999994,5.061628611840771,0.907,0.6990000000000016,2.107000000000001,10.02535,-0.12734999999999985
C0377,L04,10.16,10.928,12.041,12.969,Normal,Normal,0.7680000000000007,7.559055118110243,1.1129999999999995,0.927999999999999,2.8089999999999993,10.02535,0.1346500000000006
C0378,L04,9.61,10.072,10.976,11.657,Normal,Normal,0.46199999999999974,4.80749219562955,0.9040000000000017,0.6809999999999992,2.0470000000000006,10.02535,-0.4153500000000001
C0379,L04,10.538,11.042,11.923,12.661,Normal,Normal,0.5039999999999996,4.782691212753839,0.8810000000000002,0.7379999999999995,2.1229999999999993,10.02535,0.5126500000000007
C0380,L04,9.311,9.44,10.52,11.723,Normal,Normal,0.12899999999999956,1.3854580603587108,1.08,1.2030000000000012,2.412000000000001,10.02535,-0.7143499999999996
C0381,L04,9.209,11.567,16.683,24.069,Gradual_Degradation,Anomaly,2.3580000000000005,25.60538603540016,5.116,7.385999999999999,14.86,10.02535,-0.8163499999999999
C0382,L04,9.646,10.214,10.569,11.281,Normal,Normal,0.5679999999999996,5.8884511714700345,0.3550000000000004,0.7119999999999997,1.6349999999999998,10.02535,-0.37934999999999874
C0383,L04,9.894,11.5,16.909,24.741,Gradual_Degradation,Anomaly,1.6059999999999999,16.232059834242975,5.408999999999999,7.832000000000001,14.847,10.02535,-0.1313499999999994
C0384,L04,10.613,11.345,12.315,13.323,Normal,Normal,0.7320000000000011,6.897201545274674,0.9699999999999989,1.008000000000001,2.710000000000001,10.02535,0.58765
C0385,L04,10.354,10.901,12.015,13.27,Normal,Normal,0.5470000000000006,5.282982422252276,1.1140000000000008,1.254999999999999,2.9160000000000004,10.02535,0.32864999999999966
C0386,L04,10.029,10.38,11.37,12.287,Normal,Normal,0.35100000000000087,3.4998504337421563,0.9899999999999984,0.9170000000000016,2.258000000000001,10.02535,0.003650000000000375
C0387,L04,9.936,10.059,10.472,11.765,Normal,Normal,0.12299999999999933,1.237922705314003,0.41300000000000026,1.293000000000001,1.8290000000000006,10.02535,-0.0893499999999996
C0388,L04,10.428,12.943,17.426,27.201,Gradual_Degradation,Anomaly,2.514999999999999,24.117759877253533,4.482999999999999,9.775000000000002,16.773,10.02535,0.4026500000000013
C0389,L04,9.403,10.087,11.007,12.581,Normal,Normal,0.6839999999999993,7.274274167818772,0.9199999999999999,1.5739999999999998,3.177999999999999,10.02535,-0.6223499999999991
C0390,L04,10.264,10.862,25.593,31.404,Sudden_Degradation,Anomaly,0.5980000000000008,5.826188620420896,14.731,5.811,21.14,10.02535,0.2386499999999998
C0391,L04,10.397,10.547,12.023,13.335,Normal,Normal,0.15000000000000036,1.4427238626526917,1.475999999999999,1.3120000000000012,2.9380000000000006,10.02535,0.3716500000000007
C0392,L04,9.507,10.303,10.971,11.885,Normal,Normal,0.7960000000000012,8.372777953087212,0.6679999999999993,0.9139999999999997,2.378,10.02535,-0.5183499999999999
C0393,L04,9.846,10.502,11.517,12.452,Normal,Normal,0.6560000000000006,6.662604103189118,1.0149999999999988,0.9350000000000005,2.606,10.02535,-0.17934999999999945
C0394,L04,9.294,10.036,10.531,11.209,Normal,Normal,0.7419999999999991,7.983645362599516,0.495000000000001,0.677999999999999,1.9149999999999991,10.02535,-0.7313499999999991
C0395,L04,10.482,11.306,12.873,13.688,Normal,Normal,0.8239999999999998,7.861095210837625,1.5670000000000002,0.8150000000000013,3.2060000000000013,10.02535,0.4566499999999998
C0396,L04,9.977,10.248,11.412,12.414,Normal,Normal,0.270999999999999,2.7162473689485718,1.1640000000000015,1.001999999999999,2.4369999999999994,10.02535,-0.04834999999999923
C0397,L04,9.782,10.26,10.93,11.786,Normal,Normal,0.47799999999999976,4.886526272745857,0.6699999999999999,0.8559999999999999,2.0039999999999996,10.02535,-0.2433499999999995
C0398,L04,9.098,9.527,25.921,30.587,Sudden_Degradation,Anomaly,0.4289999999999985,4.715322048801918,16.394,4.666,21.488999999999997,10.02535,-0.9273499999999988
C0399,L04,10.587,17.956,26.877,37.904,Latent_Defect,Anomaly,7.369,69.60423160479834,8.921,11.027000000000005,27.317000000000004,10.02535,0.5616500000000002
C0400,L04,10.264,10.357,11.876,13.769,Normal,Normal,0.09299999999999997,0.9060795011691346,1.5190000000000001,1.8930000000000007,3.505000000000001,10.02535,0.2386499999999998
C0401,L05,10.319,10.919,11.6,12.251,Normal,Normal,0.5999999999999996,5.814516910553344,0.6809999999999992,0.6509999999999998,1.9319999999999986,10.00092,0.31808000000000014
C0402,L05,9.369,15.504,23.546,39.041,Latent_Defect,Anomaly,6.135,65.48190842138969,8.042,15.494999999999997,29.671999999999997,10.00092,-0.6319200000000009
C0403,L05,9.464,10.011,10.95,12.884,Normal,Normal,0.5469999999999988,5.779797125950959,0.9390000000000001,1.934000000000001,3.42,10.00092,-0.5369200000000003
C0404,L05,10.146,10.826,11.457,12.656,Normal,Normal,0.6799999999999997,6.702148630001968,0.6310000000000002,1.1989999999999998,2.51,10.00092,0.1450800000000001
C0405,L05,9.767,10.246,10.789,11.885,Normal,Normal,0.479000000000001,4.904269478857387,0.5429999999999993,1.096,2.1180000000000003,10.00092,-0.23392000000000124
C0406,L05,10.133,10.987,26.603,31.211,Sudden_Degradation,Anomaly,0.854000000000001,8.427908812789905,15.616000000000001,4.607999999999997,21.078,10.00092,0.13207999999999842
C0407,L05,10.135,10.566,11.529,12.06,Normal,Normal,0.43100000000000094,4.252590034533803,0.9629999999999992,0.5310000000000006,1.9250000000000007,10.00092,0.1340799999999991
C0408,L05,9.993,10.571,22.025,28.287,Sudden_Degradation,Anomaly,0.5779999999999994,5.784048834183922,11.453999999999999,6.2620000000000005,18.293999999999997,10.00092,-0.007920000000000371
C0409,L05,9.547,11.286,16.478,22.058,Gradual_Degradation,Anomaly,1.738999999999999,18.215146119199737,5.192000000000002,5.579999999999998,12.511,10.00092,-0.4539200000000001
C0410,L05,11.358,11.804,26.694,31.98,Sudden_Degradation,Anomaly,0.44599999999999973,3.926747666842752,14.889999999999999,5.286000000000001,20.622,10.00092,1.3570799999999998
C0411,L05,10.261,10.89,12.239,13.158,Normal,Normal,0.6290000000000013,6.130006821947192,1.3490000000000002,0.9189999999999987,2.8970000000000002,10.00092,0.26007999999999853
C0412,L05,9.932,10.633,11.83,12.908,Normal,Normal,0.7009999999999987,7.05799436165927,1.197000000000001,1.0779999999999994,2.975999999999999,10.00092,-0.06892000000000031
C0413,L05,9.991,10.413,11.699,13.139,Normal,Normal,0.4220000000000006,4.223801421279157,1.2859999999999996,1.4399999999999995,3.1479999999999997,10.00092,-0.009920000000001039
C0414,L05,9.795,10.146,10.958,12.303,Normal,Normal,0.35100000000000087,3.5834609494640213,0.8119999999999994,1.3450000000000006,2.508000000000001,10.00092,-0.20592000000000077
C0415,L05,10.477,11.079,12.234,13.52,Normal,Normal,0.6020000000000003,5.74591963348287,1.1549999999999994,1.2859999999999996,3.0429999999999993,10.00092,0.4760799999999996
C0416,L05,10.211,11.973,17.924,26.633,Gradual_Degradation,Anomaly,1.7620000000000005,17.25590049946137,5.950999999999999,8.709,16.421999999999997,10.00092,0.2100799999999996
C0417,L05,10.176,10.89,11.644,12.634,Normal,Normal,0.7140000000000004,7.016509433962267,0.7539999999999996,0.9900000000000002,2.458,10.00092,0.17507999999999946
C0418,L05,9.18,9.353,10.116,10.992,Normal,Normal,0.17300000000000004,1.884531590413944,0.7629999999999999,0.8760000000000012,1.8120000000000012,10.00092,-0.820920000000001
C0419,L05,9.053,9.596,11.032,12.034,Normal,Normal,0.5429999999999993,5.9980117088257945,1.436,1.0020000000000007,2.981,10.00092,-0.9479199999999999
C0420,L05,9.91,10.427,10.945,11.64,Normal,Normal,0.5169999999999995,5.21695257315842,0.5180000000000007,0.6950000000000003,1.7300000000000004,10.00092,-0.09092000000000056
C0421,L05,9.615,11.239,16.116,24.816,Gradual_Degradation,Anomaly,1.6240000000000006,16.890275611024446,4.876999999999999,8.7,15.200999999999999,10.00092,-0.3859200000000005
C0422,L05,9.861,10.487,11.678,12.182,Normal,Normal,0.6259999999999994,6.348240543555414,1.1910000000000007,0.5039999999999996,2.3209999999999997,10.00092,-0.13992000000000004
C0423,L05,10.03,10.585,11.329,12.463,Normal,Normal,0.5550000000000015,5.53339980059822,0.7439999999999998,1.1339999999999986,2.433,10.00092,0.029079999999998662
C0424,L05,10.004,10.705,12.245,13.74,Normal,Normal,0.7010000000000005,7.007197121151545,1.5399999999999991,1.495000000000001,3.7360000000000007,10.00092,0.0030799999999988614
C0425,L05,10.105,10.507,11.76,12.983,Normal,Normal,0.40199999999999925,3.97822859970311,1.2530000000000001,1.2230000000000008,2.878,10.00092,0.10407999999999973
C0426,L05,10.118,10.892,12.01,12.806,Normal,Normal,0.7739999999999991,7.649733148843636,1.1180000000000003,0.7959999999999994,2.687999999999999,10.00092,0.11707999999999963
C0427,L05,9.987,10.133,11.234,11.855,Normal,Normal,0.14599999999999902,1.4619004706117855,1.1010000000000009,0.6210000000000004,1.8680000000000003,10.00092,-0.013920000000000599
C0428,L05,9.687,10.19,11.092,12.154,Normal,Normal,0.5030000000000001,5.192526065861465,0.902000000000001,1.0619999999999994,2.4670000000000005,10.00092,-0.3139200000000013
C0429,L05,10.413,10.739,11.657,12.346,Normal,Normal,0.3260000000000005,3.130702007106506,0.9179999999999993,0.6890000000000001,1.9329999999999998,10.00092,0.41207999999999956
C0430,L05,10.364,10.767,11.845,12.923,Normal,Normal,0.4029999999999987,3.888460054033179,1.0780000000000012,1.0779999999999994,2.5589999999999993,10.00092,0.36308000000000007
C0431,L05,10.425,10.898,11.878,13.671,Normal,Normal,0.472999999999999,4.537170263788958,0.9800000000000004,1.7929999999999993,3.2459999999999987,10.00092,0.42408
C0432,L05,10.784,12.253,18.025,27.262,Gradual_Degradation,Anomaly,1.4689999999999994,13.62203264094955,5.7719999999999985,9.237000000000002,16.478,10.00092,0.78308
C0433,L05,10.044,10.584,11.645,12.531,Normal,Normal,0.5399999999999991,5.376344086021496,1.061,0.886000000000001,2.487,10.00092,0.043079999999999785
C0434,L05,9.781,10.309,11.309,12.55,Normal,Normal,0.5279999999999987,5.398221040793361,1.0,1.2410000000000014,2.769,10.00092,-0.21992000000000012
C0435,L05,9.278,9.319,9.897,10.331,Normal,Normal,0.04100000000000037,0.44190558309980993,0.5779999999999994,0.4339999999999993,1.052999999999999,10.00092,-0.7229200000000002
C0436,L05,10.618,11.054,27.298,31.159,Sudden_Degradation,Anomaly,0.43599999999999994,4.106234695799585,16.244,3.8610000000000007,20.540999999999997,10.00092,0.6170799999999996
C0437,L05,10.52,11.004,12.296,13.937,Normal,Normal,0.484,4.600760456273764,1.2919999999999998,1.641,3.417,10.00092,0.5190799999999989
C0438,L05,9.629,10.045,10.785,12.235,Normal,Normal,0.41600000000000037,4.320282480008313,0.7400000000000002,1.4499999999999993,2.606,10.00092,-0.37192000000000114
C0439,L05,9.405,12.062,17.216,25.068,Gradual_Degradation,Anomaly,2.657,28.250930356193514,5.154000000000002,7.852,15.663000000000002,10.00092,-0.5959200000000013
C0440,L05,9.561,9.778,10.791,11.39,Normal,Normal,0.21700000000000053,2.269637067252385,1.013,0.5990000000000002,1.8290000000000006,10.00092,-0.43992000000000075
C0441,L05,10.37,10.768,11.31,11.857,Normal,Normal,0.39800000000000146,3.837994214079089,0.5419999999999998,0.5469999999999988,1.487,10.00092,0.3690799999999985
C0442,L05,9.891,9.863,11.587,12.901,Normal,Normal,-0.02800000000000047,-0.28308563340410947,1.7240000000000002,1.314,3.01,10.00092,-0.10992000000000068
C0443,L05,9.99,16.727,32.763,47.196,Latent_Defect,Anomaly,6.737,67.43743743743744,16.035999999999998,14.433,37.205999999999996,10.00092,-0.010920000000000485
C0444,L05,10.527,12.237,17.588,25.608,Gradual_Degradation,Anomaly,1.7100000000000009,16.243944143630674,5.351000000000001,8.02,15.081000000000001,10.00092,0.5260799999999985
C0445,L05,10.336,10.955,12.249,12.952,Normal,Normal,0.6189999999999998,5.988777089783279,1.2940000000000005,0.7029999999999994,2.6159999999999997,10.00092,0.3350799999999996
C0446,L05,8.919,9.47,10.52,11.54,Normal,Normal,0.5510000000000002,6.177822625854918,1.049999999999999,1.0199999999999996,2.6209999999999987,10.00092,-1.0819200000000002
C0447,L05,10.087,12.184,15.365,22.429,Gradual_Degradation,Anomaly,2.0969999999999995,20.78913452959254,3.181000000000001,7.063999999999998,12.341999999999999,10.00092,0.08607999999999905
C0448,L05,9.802,10.266,11.235,11.578,Normal,Normal,0.4640000000000004,4.733727810650891,0.9689999999999994,0.34299999999999997,1.7759999999999998,10.00092,-0.1989200000000011
C0449,L05,9.912,10.744,11.905,12.926,Normal,Normal,0.831999999999999,8.393866020984655,1.1609999999999996,1.0210000000000008,3.0139999999999993,10.00092,-0.08891999999999989
C0450,L05,9.897,10.267,11.155,12.027,Normal,Normal,0.3699999999999992,3.738506618167113,0.8879999999999999,0.8719999999999999,2.129999999999999,10.00092,-0.10392000000000046
C0451,L05,10.641,11.252,12.35,13.202,Normal,Normal,0.6110000000000007,5.741941546847107,1.097999999999999,0.8520000000000003,2.561,10.00092,0.6400799999999993
C0452,L05,9.351,10.167,10.923,11.42,Normal,Normal,0.815999999999999,8.72633942893807,0.7560000000000002,0.4969999999999999,2.068999999999999,10.00092,-0.6499199999999998
C0453,L05,9.883,10.476,11.575,12.823,Normal,Normal,0.5930000000000017,6.0002023677021326,1.0989999999999984,1.248000000000001,2.9400000000000013,10.00092,-0.11792000000000158
C0454,L05,9.455,16.3,25.084,39.454,Latent_Defect,Anomaly,6.845000000000001,72.39555790586991,8.783999999999999,14.370000000000001,29.999000000000002,10.00092,-0.5459200000000006
C0455,L05,11.012,11.513,12.766,13.519,Normal,Normal,0.5009999999999994,4.549582273883032,1.2530000000000001,0.7530000000000001,2.5069999999999997,10.00092,1.0110799999999998
C0456,L05,11.094,11.215,11.788,12.681,Normal,Normal,0.12100000000000044,1.090679646655854,0.5730000000000004,0.8929999999999989,1.5869999999999997,10.00092,1.0930799999999987
C0457,L05,9.785,17.374,29.47,44.134,Latent_Defect,Anomaly,7.588999999999999,77.55748594787939,12.096,14.664000000000001,34.349000000000004,10.00092,-0.21592000000000056
C0458,L05,9.788,9.965,11.022,11.757,Normal,Normal,0.1769999999999996,1.808336738863911,1.0570000000000004,0.7349999999999994,1.9689999999999994,10.00092,-0.21292000000000044
C0459,L05,10.213,12.221,17.153,23.909,Gradual_Degradation,Anomaly,2.008000000000001,19.661216097131117,4.931999999999999,6.756,13.696,10.00092,0.2120799999999985
C0460,L05,9.519,10.185,10.898,12.087,Normal,Normal,0.6660000000000004,6.996533249290896,0.7129999999999992,1.189,2.5679999999999996,10.00092,-0.48192000000000057
C0461,L05,10.742,11.313,12.499,13.416,Normal,Normal,0.5709999999999997,5.315583690188044,1.186,0.9169999999999998,2.6739999999999995,10.00092,0.7410800000000002
C0462,L05,10.314,10.56,11.825,12.644,Normal,Normal,0.24600000000000044,2.3851076207097193,1.2649999999999988,0.8190000000000008,2.33,10.00092,0.31307999999999936
C0463,L05,9.765,10.318,11.312,12.118,Normal,Normal,0.552999999999999,5.663082437275976,0.9939999999999998,0.8060000000000009,2.3529999999999998,10.00092,-0.23592000000000013
C0464,L05,9.602,10.17,11.393,12.32,Normal,Normal,0.5679999999999996,5.9154342845240535,1.2230000000000008,0.9269999999999996,2.718,10.00092,-0.3989200000000004
C0465,L05,9.675,10.44,11.514,12.574,Normal,Normal,0.7649999999999988,7.906976744186034,1.0739999999999998,1.0600000000000005,2.898999999999999,10.00092,-0.32592
C0466,L05,10.05,10.668,11.462,12.779,Normal,Normal,0.6179999999999986,6.149253731343269,0.7940000000000005,1.3170000000000002,2.728999999999999,10.00092,0.04908000000000001
C0467,L05,9.015,9.693,10.48,11.241,Normal,Normal,0.677999999999999,7.52079866888518,0.7870000000000008,0.7609999999999992,2.225999999999999,10.00092,-0.9859200000000001
C0468,L05,9.237,9.743,10.621,11.896,Normal,Normal,0.5060000000000002,5.477969037566312,0.8780000000000001,1.2750000000000004,2.6590000000000007,10.00092,-0.7639200000000006
C0469,L05,10.053,10.67,11.835,13.888,Normal,Normal,0.6169999999999991,6.137471401571661,1.165000000000001,2.052999999999999,3.834999999999999,10.00092,0.052080000000000126
C0470,L05,9.597,10.289,11.232,12.601,Normal,Normal,0.6920000000000002,7.210586641658853,0.9429999999999996,1.3690000000000015,3.0040000000000013,10.00092,-0.40392000000000117
C0471,L05,9.936,10.738,11.861,12.331,Normal,Normal,0.8019999999999996,8.071658615136872,1.123000000000001,0.46999999999999886,2.3949999999999996,10.00092,-0.06492000000000075
C0472,L05,9.725,10.019,19.811,25.01,Sudden_Degradation,Anomaly,0.2940000000000005,3.0231362467866374,9.792,5.199000000000002,15.285000000000002,10.00092,-0.27592000000000105
C0473,L05,10.218,10.799,12.11,13.407,Normal,Normal,0.5809999999999995,5.686044235662552,1.311,1.2970000000000006,3.189,10.00092,0.21707999999999927
C0474,L05,9.524,10.108,21.551,26.871,Sudden_Degradation,Anomaly,0.5840000000000014,6.131877362452767,11.442999999999998,5.32,17.347,10.00092,-0.47692000000000156
C0475,L05,9.748,10.232,11.439,11.415,Normal,Normal,0.484,4.965121050471892,1.2070000000000007,-0.02400000000000091,1.6669999999999998,10.00092,-0.25292000000000137
C0476,L05,9.634,9.93,11.133,11.674,Normal,Normal,0.2959999999999994,3.072451733444046,1.2029999999999994,0.5410000000000004,2.039999999999999,10.00092,-0.36692000000000036
C0477,L05,10.333,10.926,11.607,12.128,Normal,Normal,0.593,5.738894803058163,0.6809999999999992,0.5210000000000008,1.795,10.00092,0.3320799999999995
C0478,L05,10.432,11.048,12.283,13.182,Normal,Normal,0.6159999999999997,5.9049079754601195,1.2349999999999994,0.8990000000000009,2.75,10.00092,0.4310799999999997
C0479,L05,9.701,10.486,11.306,12.398,Normal,Normal,0.7850000000000001,8.091949283579014,0.8199999999999985,1.0920000000000005,2.696999999999999,10.00092,-0.2999200000000002
C0480,L05,10.901,11.478,12.603,14.164,Normal,Normal,0.577,5.29309237684616,1.125,1.561,3.263,10.00092,0.9000799999999991
C0481,L05,10.325,10.525,11.816,13.137,Normal,Normal,0.20000000000000107,1.9370460048426255,1.2910000000000004,1.3209999999999997,2.812000000000001,10.00092,0.3240799999999986
C0482,L05,10.017,10.325,11.507,12.434,Normal,Normal,0.30799999999999983,3.074772886093639,1.1820000000000004,0.9269999999999996,2.417,10.00092,0.016079999999998762
C0483,L05,10.267,12.622,18.275,26.201,Gradual_Degradation,Anomaly,2.3550000000000004,22.937566962111624,5.652999999999999,7.926000000000002,15.934000000000001,10.00092,0.26607999999999876
C0484,L05,10.544,11.229,27.906,32.289,Sudden_Degradation,Anomaly,0.6849999999999987,6.496585735963569,16.677,4.383000000000003,21.745,10.00092,0.5430799999999998
C0485,L05,9.721,10.001,11.318,12.693,Normal,Normal,0.27999999999999936,2.8803621026643285,1.3170000000000002,1.375,2.9719999999999995,10.00092,-0.2799200000000006
C0486,L05,10.317,10.834,11.507,12.352,Normal,Normal,0.5169999999999995,5.011146651158277,0.673,0.8450000000000006,2.035,10.00092,0.3160799999999995
C0487,L05,10.348,11.018,12.0,13.181,Normal,Normal,0.6699999999999999,6.474681097796675,0.9819999999999993,1.1809999999999992,2.8329999999999984,10.00092,0.34708000000000006
C0488,L05,10.387,11.986,17.387,25.437,Gradual_Degradation,Anomaly,1.5990000000000002,15.394242803504381,5.401,8.05,15.05,10.00092,0.38607999999999976
C0489,L05,10.004,11.739,16.549,24.818,Gradual_Degradation,Anomaly,1.7350000000000012,17.343062774890054,4.809999999999999,8.269000000000002,14.814000000000002,10.00092,0.0030799999999988614
C0490,L05,10.122,10.899,11.756,12.41,Normal,Normal,0.7769999999999992,7.676348547717835,0.8570000000000011,0.6539999999999999,2.2880000000000003,10.00092,0.12107999999999919
C0491,L05,10.347,10.768,11.574,12.882,Normal,Normal,0.42100000000000115,4.068812216101296,0.8059999999999992,1.3079999999999998,2.535,10.00092,0.34607999999999883
C0492,L05,10.556,13.33,18.034,26.178,Gradual_Degradation,Anomaly,2.774000000000001,26.278893520272838,4.703999999999999,8.144000000000002,15.622000000000002,10.00092,0.5550799999999985
C0493,L05,9.112,9.694,11.069,11.463,Normal,Normal,0.5820000000000007,6.387181738366997,1.375,0.39399999999999835,2.350999999999999,10.00092,-0.8889200000000006
C0494,L05,10.609,10.935,11.774,12.092,Normal,Normal,0.3260000000000005,3.072862663776044,0.8389999999999986,0.3180000000000014,1.4830000000000005,10.00092,0.6080799999999993
C0495,L05,9.442,10.189,11.351,12.29,Normal,Normal,0.7469999999999999,7.911459436560049,1.1620000000000008,0.9389999999999983,2.847999999999999,10.00092,-0.5589200000000005
C0496,L05,10.694,11.423,12.315,12.785,Normal,Normal,0.7289999999999992,6.816906676641099,0.8919999999999995,0.47000000000000064,2.0909999999999993,10.00092,0.6930800000000001
C0497,L05,9.793,10.345,11.193,11.526,Normal,Normal,0.5520000000000014,5.636679260696431,0.847999999999999,0.3330000000000002,1.7330000000000005,10.00092,-0.20792000000000144
C0498,L05,9.336,16.413,27.953,40.104,Latent_Defect,Anomaly,7.077,75.80334190231362,11.54,12.151,30.768,10.00092,-0.6649200000000004
C0499,L05,10.445,11.152,11.82,12.155,Normal,Normal,0.706999999999999,6.768788894207745,0.668000000000001,0.3349999999999991,1.709999999999999,10.00092,0.4440799999999996
C0500,L05,9.586,9.953,10.677,11.275,Normal,Normal,0.3669999999999991,3.828499895681192,0.7240000000000002,0.5980000000000008,1.689,10.00092,-0.4149200000000004
C0501,L06,10.104,10.618,11.592,12.667,Normal,Normal,0.5140000000000011,5.087094220110859,0.9740000000000002,1.0749999999999993,2.5630000000000006,10.04653,0.05746999999999858
C0502,L06,10.099,10.436,11.046,12.378,Normal,Normal,0.33699999999999974,3.336964055847111,0.6099999999999994,1.3320000000000007,2.279,10.04653,0.05246999999999957
C0503,L06,10.406,11.946,15.686,24.612,Gradual_Degradation,Anomaly,1.5399999999999991,14.799154334038045,3.74,8.925999999999998,14.205999999999998,10.04653,0.35946999999999996
C0504,L06,10.328,10.52,26.623,31.964,Sudden_Degradation,Anomaly,0.19200000000000017,1.859024012393495,16.103,5.3409999999999975,21.636,10.04653,0.2814699999999988
C0505,L06,10.195,11.665,15.973,25.668,Gradual_Degradation,Anomaly,1.4699999999999989,14.418832761157418,4.308000000000002,9.694999999999999,15.472999999999999,10.04653,0.14846999999999966
C0506,L06,10.022,10.471,11.642,12.617,Normal,Normal,0.44899999999999984,4.480143683895428,1.1709999999999994,0.9750000000000014,2.5950000000000006,10.04653,-0.024530000000000385
C0507,L06,10.562,10.995,11.736,12.68,Normal,Normal,0.43299999999999983,4.0996023480401425,0.7410000000000014,0.9439999999999991,2.1180000000000003,10.04653,0.5154699999999988
C0508,L06,10.158,10.696,11.565,11.923,Normal,Normal,0.5380000000000003,5.296318172868678,0.8689999999999998,0.35800000000000054,1.7650000000000006,10.04653,0.11146999999999885
C0509,L06,10.875,11.651,12.893,13.504,Normal,Normal,0.7759999999999998,7.1356321839080445,1.2420000000000009,0.6109999999999989,2.6289999999999996,10.04653,0.8284699999999994
C0510,L06,10.18,10.793,11.558,12.282,Normal,Normal,0.6129999999999995,6.021611001964632,0.7650000000000006,0.7240000000000002,2.1020000000000003,10.04653,0.1334699999999991
C0511,L06,9.542,9.876,11.387,12.267,Normal,Normal,0.33399999999999963,3.500314399496957,1.511000000000001,0.879999999999999,2.7249999999999996,10.04653,-0.5045300000000008
C0512,L06,10.807,11.507,12.657,13.846,Normal,Normal,0.6999999999999993,6.47728324234292,1.1500000000000004,1.189,3.0389999999999997,10.04653,0.7604699999999998
C0513,L06,10.038,10.687,12.112,13.384,Normal,Normal,0.6489999999999991,6.465431360828841,1.4250000000000007,1.2720000000000002,3.346,10.04653,-0.00853000000000037
C0514,L06,10.077,10.92,12.125,13.041,Normal,Normal,0.843,8.365584995534386,1.205,0.9160000000000004,2.9640000000000004,10.04653,0.03046999999999933
C0515,L06,10.536,11.509,12.752,13.645,Normal,Normal,0.9730000000000008,9.235003796507222,1.2430000000000003,0.8929999999999989,3.109,10.04653,0.48946999999999896
C0516,L06,10.553,11.182,11.78,13.057,Normal,Normal,0.6289999999999996,5.96039041030986,0.597999999999999,1.277000000000001,2.5039999999999996,10.04653,0.5064700000000002
C0517,L06,9.697,10.541,11.702,12.776,Normal,Normal,0.8440000000000012,8.703722800866261,1.1609999999999996,1.0739999999999998,3.0790000000000006,10.04653,-0.34953000000000145
C0518,L06,9.76,9.906,10.913,11.146,Normal,Normal,0.1460000000000008,1.4959016393442703,1.0069999999999997,0.23300000000000054,1.386000000000001,10.04653,-0.28653000000000084
C0519,L06,9.993,10.355,25.859,30.483,Sudden_Degradation,Anomaly,0.3620000000000001,3.6225357750425307,15.504000000000001,4.623999999999999,20.490000000000002,10.04653,-0.0535300000000003
C0520,L06,10.875,11.171,12.087,12.975,Normal,Normal,0.2959999999999994,2.7218390804597643,0.9160000000000004,0.8879999999999999,2.0999999999999996,10.04653,0.8284699999999994
C0521,L06,10.395,12.531,16.976,25.306,Gradual_Degradation,Anomaly,2.136000000000001,20.548340548340562,4.4449999999999985,8.330000000000002,14.911000000000001,10.04653,0.34846999999999895
C0522,L06,9.496,9.773,11.657,13.155,Normal,Normal,0.27699999999999925,2.917017691659638,1.8840000000000003,1.4979999999999993,3.658999999999999,10.04653,-0.5505300000000002
C0523,L06,9.324,10.795,15.261,24.267,Gradual_Degradation,Anomaly,1.471,15.776490776490778,4.465999999999999,9.006,14.943,10.04653,-0.7225300000000008
C0524,L06,9.427,9.655,10.586,11.245,Normal,Normal,0.22799999999999976,2.4185849156677603,0.9310000000000009,0.6589999999999989,1.8179999999999996,10.04653,-0.619530000000001
C0525,L06,10.088,11.185,12.31,13.649,Normal,Normal,1.0970000000000013,10.874306106264884,1.125,1.3389999999999986,3.561,10.04653,0.041469999999998564
C0526,L06,10.087,12.153,18.799,25.668,Gradual_Degradation,Anomaly,2.0660000000000007,20.481808268067816,6.645999999999999,6.869,15.581,10.04653,0.04046999999999912
C0527,L06,10.237,10.552,11.24,12.538,Normal,Normal,0.3149999999999995,3.077073361336324,0.6880000000000006,1.298,2.301,10.04653,0.19046999999999947
C0528,L06,10.056,10.905,11.692,12.189,Normal,Normal,0.8490000000000002,8.442720763723154,0.7870000000000008,0.4969999999999999,2.133000000000001,10.04653,0.009469999999998535
C0529,L06,9.891,10.33,10.905,12.144,Normal,Normal,0.43900000000000006,4.438378323728643,0.5749999999999993,1.2390000000000008,2.253,10.04653,-0.1555300000000006
C0530,L06,9.927,10.308,11.615,13.45,Normal,Normal,0.3810000000000002,3.838017527954067,1.3070000000000004,1.834999999999999,3.5229999999999997,10.04653,-0.11953000000000102
C0531,L06,9.207,9.331,10.657,12.079,Normal,Normal,0.12399999999999878,1.3468013468013333,1.3260000000000005,1.4220000000000006,2.872,10.04653,-0.8395299999999999
C0532,L06,10.0,10.241,11.339,12.709,Normal,Normal,0.24099999999999966,2.4099999999999966,1.0980000000000008,1.3699999999999992,2.7089999999999996,10.04653,-0.046530000000000626
C0533,L06,9.493,10.01,10.909,11.594,Normal,Normal,0.5169999999999995,5.4461181923522535,0.8990000000000009,0.6849999999999987,2.100999999999999,10.04653,-0.5535300000000003
C0534,L06,10.217,10.556,11.813,12.719,Normal,Normal,0.33899999999999864,3.317999412743453,1.2570000000000014,0.9059999999999988,2.501999999999999,10.04653,0.1704699999999999
C0535,L06,10.019,10.229,11.216,11.91,Normal,Normal,0.20999999999999908,2.096017566623406,0.9870000000000001,0.6940000000000008,1.891,10.04653,-0.0275300000000005
C0536,L06,11.014,11.706,12.79,14.494,Normal,Normal,0.6920000000000002,6.282912656618851,1.0839999999999996,1.7040000000000006,3.4800000000000004,10.04653,0.9674699999999987
C0537,L06,10.186,12.342,15.673,23.486,Gradual_Degradation,Anomaly,2.1560000000000006,21.166306695464367,3.3309999999999995,7.813000000000001,13.3,10.04653,0.13946999999999932
C0538,L06,9.881,10.667,11.427,12.401,Normal,Normal,0.7859999999999996,7.954660459467661,0.7599999999999998,0.9740000000000002,2.5199999999999996,10.04653,-0.1655300000000004
C0539,L06,10.619,11.027,25.476,31.417,Sudden_Degradation,Anomaly,0.4079999999999995,3.8421696958282276,14.449,5.9410000000000025,20.798000000000002,10.04653,0.5724699999999991
C0540,L06,10.248,10.757,11.575,12.659,Normal,Normal,0.5090000000000003,4.966822794691651,0.8179999999999996,1.0840000000000014,2.4110000000000014,10.04653,0.2014699999999987
C0541,L06,10.6,11.002,11.678,12.403,Normal,Normal,0.402000000000001,3.792452830188689,0.6760000000000002,0.7249999999999996,1.8030000000000008,10.04653,0.553469999999999
C0542,L06,9.373,9.579,10.397,10.515,Normal,Normal,0.2060000000000013,2.1978021978022118,0.8179999999999996,0.11800000000000033,1.1420000000000012,10.04653,-0.6735300000000013
C0543,L06,10.449,12.958,17.791,27.901,Gradual_Degradation,Anomaly,2.5090000000000003,24.01186716432195,4.833,10.11,17.451999999999998,10.04653,0.4024699999999992
C0544,L06,10.134,10.937,12.074,13.656,Normal,Normal,0.802999999999999,7.923820801263065,1.1370000000000005,1.5820000000000007,3.5220000000000002,10.04653,0.08746999999999971
C0545,L06,10.352,12.668,16.752,24.81,Gradual_Degradation,Anomaly,2.315999999999999,22.372488408037082,4.084,8.058,14.457999999999998,10.04653,0.3054699999999997
C0546,L06,10.537,13.148,17.793,25.314,Gradual_Degradation,Anomaly,2.610999999999999,24.77934896080477,4.645,7.521000000000001,14.777,10.04653,0.4904700000000002
C0547,L06,10.148,10.741,26.824,33.265,Sudden_Degradation,Anomaly,0.593,5.843515963736697,16.083000000000002,6.440999999999999,23.117,10.04653,0.10146999999999906
C0548,L06,10.392,10.954,11.644,12.804,Normal,Normal,0.5620000000000012,5.408006158583537,0.6899999999999995,1.1600000000000001,2.412000000000001,10.04653,0.34546999999999883
C0549,L06,10.905,11.361,12.172,12.769,Normal,Normal,0.4560000000000013,4.181568088033025,0.8109999999999999,0.5969999999999995,1.8640000000000008,10.04653,0.8584699999999987
C0550,L06,9.621,9.983,10.988,12.349,Normal,Normal,0.3620000000000001,3.7626026400582067,1.004999999999999,1.3610000000000007,2.7279999999999998,10.04653,-0.4255300000000002
C0551,L06,9.546,12.154,18.041,26.637,Gradual_Degradation,Anomaly,2.6080000000000005,27.320343599413377,5.8870000000000005,8.596,17.091,10.04653,-0.5005300000000013
C0552,L06,10.463,10.744,11.795,13.016,Normal,Normal,0.2810000000000006,2.685654210073598,1.0510000000000002,1.221,2.553000000000001,10.04653,0.41646999999999856
C0553,L06,9.412,9.733,10.429,11.71,Normal,Normal,0.32099999999999973,3.410539736506584,0.6959999999999997,1.2810000000000006,2.298,10.04653,-0.6345299999999998
C0554,L06,9.237,9.861,11.026,12.277,Normal,Normal,0.6240000000000006,6.755440077947392,1.1649999999999991,1.2509999999999994,3.039999999999999,10.04653,-0.8095300000000005
C0555,L06,9.652,10.268,10.983,12.557,Normal,Normal,0.6160000000000014,6.38209697472028,0.7149999999999999,1.5739999999999998,2.905000000000001,10.04653,-0.3945300000000014
C0556,L06,9.77,10.257,11.362,11.736,Normal,Normal,0.4870000000000001,4.984646878198569,1.1050000000000004,0.37400000000000055,1.966000000000001,10.04653,-0.27653000000000105
C0557,L06,10.048,10.495,11.696,12.579,Normal,Normal,0.4469999999999992,4.448646496815279,1.2010000000000005,0.8830000000000009,2.5310000000000006,10.04653,0.0014699999999994162
C0558,L06,9.765,10.394,11.621,12.866,Normal,Normal,0.6289999999999996,6.441372247823855,1.2270000000000003,1.2449999999999992,3.100999999999999,10.04653,-0.28153000000000006
C0559,L06,9.492,9.943,11.307,12.068,Normal,Normal,0.45099999999999874,4.75136957437841,1.3640000000000008,0.7609999999999992,2.5759999999999987,10.04653,-0.5545299999999997
C0560,L06,9.094,9.722,10.909,12.44,Normal,Normal,0.6280000000000001,6.905652078293382,1.1870000000000012,1.5309999999999988,3.346,10.04653,-0.9525300000000012
C0561,L06,10.193,10.912,12.202,13.334,Normal,Normal,0.7190000000000012,7.053860492494861,1.2899999999999991,1.1319999999999997,3.141,10.04653,0.146469999999999
C0562,L06,10.817,19.572,30.869,47.996,Latent_Defect,Anomaly,8.754999999999999,80.93741333086807,11.297,17.127000000000002,37.179,10.04653,0.7704699999999995
C0563,L06,9.591,10.397,11.608,12.672,Normal,Normal,0.8060000000000009,8.40371181315818,1.2110000000000003,1.064,3.0810000000000013,10.04653,-0.4555300000000013
C0564,L06,9.897,10.509,11.697,13.051,Normal,Normal,0.6120000000000001,6.18369202788724,1.1879999999999988,1.354000000000001,3.154,10.04653,-0.14953000000000038
C0565,L06,9.704,10.229,11.585,13.054,Normal,Normal,0.5249999999999986,5.410140148392401,1.3560000000000016,1.4689999999999994,3.3499999999999996,10.04653,-0.34253
C0566,L06,10.279,10.747,12.336,13.337,Normal,Normal,0.46799999999999997,4.552972078996011,1.5890000000000004,1.0009999999999994,3.058,10.04653,0.2324699999999993
C0567,L06,10.506,11.274,12.395,12.986,Normal,Normal,0.7679999999999989,7.310108509423176,1.1210000000000004,0.5910000000000011,2.4800000000000004,10.04653,0.4594699999999996
C0568,L06,9.397,11.546,18.136,25.605,Gradual_Degradation,Anomaly,2.148999999999999,22.86900074491858,6.59,7.469000000000001,16.208,10.04653,-0.6495300000000004
C0569,L06,9.832,10.401,11.558,13.09,Normal,Normal,0.5689999999999991,5.787225386493073,1.157,1.532,3.257999999999999,10.04653,-0.2145299999999999
C0570,L06,10.423,12.623,17.658,26.216,Gradual_Degradation,Anomaly,2.1999999999999993,21.107166842559717,5.035000000000002,8.558,15.793000000000001,10.04653,0.3764699999999994
C0571,L06,8.735,9.176,9.679,10.895,Normal,Normal,0.4410000000000007,5.048654836863203,0.5030000000000001,1.2159999999999993,2.16,10.04653,-1.3115300000000012
C0572,L06,10.076,10.729,11.589,12.529,Normal,Normal,0.6529999999999987,6.4807463279078865,0.8600000000000012,0.9399999999999995,2.4529999999999994,10.04653,0.029469999999999885
C0573,L06,9.963,10.373,11.652,12.757,Normal,Normal,0.41000000000000014,4.115226337448561,1.279,1.1050000000000004,2.7940000000000005,10.04653,-0.08353000000000144
C0574,L06,10.166,10.826,12.015,12.693,Normal,Normal,0.6600000000000001,6.492228998622862,1.189,0.677999999999999,2.5269999999999992,10.04653,0.11946999999999974
C0575,L06,10.448,16.816,29.393,43.543,Latent_Defect,Anomaly,6.3679999999999986,60.949464012251134,12.577000000000002,14.149999999999999,33.095,10.04653,0.40146999999999977
C0576,L06,10.596,11.072,11.917,12.839,Normal,Normal,0.4759999999999991,4.492261230653068,0.8450000000000006,0.9220000000000006,2.2430000000000003,10.04653,0.5494699999999995
C0577,L06,9.897,10.248,11.05,11.768,Normal,Normal,0.3509999999999991,3.54652925128826,0.8020000000000014,0.718,1.8710000000000004,10.04653,-0.14953000000000038
C0578,L06,9.135,9.589,10.512,11.415,Normal,Normal,0.4540000000000006,4.9698960043787705,0.923,0.9029999999999987,2.2799999999999994,10.04653,-0.9115300000000008
C0579,L06,9.969,10.565,11.381,12.802,Normal,Normal,0.5960000000000001,5.978533453706492,0.8160000000000007,1.4209999999999994,2.833,10.04653,-0.07753000000000121
C0580,L06,9.493,9.84,10.609,11.091,Normal,Normal,0.34699999999999953,3.65532497629832,0.7690000000000001,0.4819999999999993,1.597999999999999,10.04653,-0.5535300000000003
C0581,L06,9.772,10.308,11.194,12.327,Normal,Normal,0.5359999999999996,5.485059353254192,0.886000000000001,1.1329999999999991,2.5549999999999997,10.04653,-0.2745300000000004
C0582,L06,10.441,10.865,11.855,12.516,Normal,Normal,0.4239999999999995,4.060913705583751,0.9900000000000002,0.6609999999999996,2.0749999999999993,10.04653,0.3944700000000001
C0583,L06,10.287,11.572,16.761,23.698,Gradual_Degradation,Anomaly,1.2849999999999984,12.49149411879069,5.189,6.937000000000001,13.411,10.04653,0.24047000000000018
C0584,L06,9.417,9.921,10.892,11.182,Normal,Normal,0.5039999999999996,5.352022937241155,0.9710000000000001,0.2900000000000009,1.7650000000000006,10.04653,-0.6295300000000008
C0585,L06,9.96,10.293,10.937,11.009,Normal,Normal,0.3329999999999984,3.3433734939758875,0.6440000000000001,0.07200000000000095,1.0489999999999995,10.04653,-0.08652999999999977
C0586,L06,10.271,11.099,12.244,13.391,Normal,Normal,0.8279999999999994,8.061532470061332,1.1449999999999996,1.1470000000000002,3.119999999999999,10.04653,0.22447000000000017
C0587,L06,10.197,11.426,15.478,22.979,Gradual_Degradation,Anomaly,1.229000000000001,12.052564479748956,4.052,7.5009999999999994,12.782,10.04653,0.15046999999999855
C0588,L06,10.851,11.336,12.71,13.686,Normal,Normal,0.48499999999999943,4.4696341351027495,1.3740000000000006,0.9759999999999991,2.834999999999999,10.04653,0.8044700000000002
C0589,L06,10.476,10.902,11.745,11.959,Normal,Normal,0.4259999999999984,4.0664375715921945,0.843,0.2140000000000004,1.4829999999999988,10.04653,0.42947000000000024
C0590,L06,9.754,10.323,11.894,13.545,Normal,Normal,0.5690000000000008,5.8335042034037405,1.5709999999999997,1.6509999999999998,3.7910000000000004,10.04653,-0.29253000000000107
C0591,L06,11.109,11.578,11.949,13.294,Normal,Normal,0.4689999999999994,4.221802142407053,0.37100000000000044,1.3450000000000006,2.1850000000000005,10.04653,1.0624699999999994
C0592,L06,9.554,10.134,10.958,11.623,Normal,Normal,0.5800000000000001,6.070755704416999,0.8239999999999998,0.6649999999999991,2.068999999999999,10.04653,-0.49253000000000036
C0593,L06,9.696,11.48,16.785,24.594,Gradual_Degradation,Anomaly,1.7840000000000007,18.39933993399341,5.305,7.809000000000001,14.898000000000001,10.04653,-0.3505300000000009
C0594,L06,10.034,10.623,11.988,12.783,Normal,Normal,0.5889999999999986,5.87004185768386,1.3650000000000002,0.7949999999999999,2.7489999999999988,10.04653,-0.01252999999999993
C0595,L06,9.641,10.095,11.215,12.403,Normal,Normal,0.4540000000000006,4.709055077274148,1.1199999999999992,1.1880000000000006,2.7620000000000005,10.04653,-0.4055300000000006
C0596,L06,10.26,10.564,11.687,12.564,Normal,Normal,0.30400000000000027,2.9629629629629655,1.1229999999999993,0.8770000000000007,2.3040000000000003,10.04653,0.21346999999999916
C0597,L06,9.581,9.903,10.992,12.142,Normal,Normal,0.32200000000000095,3.3608182861914306,1.0890000000000004,1.1499999999999986,2.561,10.04653,-0.4655300000000011
C0598,L06,10.677,11.315,11.689,12.455,Normal,Normal,0.6379999999999999,5.975461271892853,0.37400000000000055,0.766,1.7780000000000005,10.04653,0.630469999999999
C0599,L06,9.984,10.303,23.99,28.257,Sudden_Degradation,Anomaly,0.31900000000000084,3.1951121794871877,13.686999999999998,4.267000000000003,18.273000000000003,10.04653,-0.06253000000000064
C0600,L06,9.965,10.643,11.461,12.644,Normal,Normal,0.6780000000000008,6.803813346713506,0.8179999999999996,1.1829999999999998,2.6790000000000003,10.04653,-0.08153000000000077
C0601,L07,8.626,9.026,10.378,11.232,Normal,Normal,0.40000000000000036,4.637143519591936,1.3520000000000003,0.8539999999999992,2.606,10.00752,-1.38152
C0602,L07,9.7,9.978,11.209,12.295,Normal,Normal,0.27800000000000047,2.8659793814433043,1.2309999999999999,1.0860000000000003,2.5950000000000006,10.00752,-0.30752000000000024
C0603,L07,10.254,11.539,12.556,13.351,Normal,Normal,1.2850000000000001,12.531694948312854,1.0169999999999995,0.7950000000000017,3.0970000000000013,10.00752,0.24648000000000003
C0604,L07,10.6,11.056,12.042,12.873,Normal,Normal,0.4559999999999995,4.301886792452826,0.9860000000000007,0.8309999999999995,2.2729999999999997,10.00752,0.5924800000000001
C0605,L07,9.715,10.281,11.037,11.818,Normal,Normal,0.5660000000000007,5.826042202779215,0.7560000000000002,0.7809999999999988,2.1029999999999998,10.00752,-0.29251999999999967
C0606,L07,10.611,11.013,11.853,12.996,Normal,Normal,0.40199999999999925,3.788521345773247,0.8399999999999999,1.1430000000000007,2.385,10.00752,0.6034800000000011
C0607,L07,9.635,10.286,11.509,12.555,Normal,Normal,0.6509999999999998,6.756616502335235,1.2230000000000008,1.0459999999999994,2.92,10.00752,-0.37251999999999974
C0608,L07,9.68,10.147,11.176,12.695,Normal,Normal,0.4670000000000005,4.824380165289262,1.029,1.5190000000000001,3.0150000000000006,10.00752,-0.3275199999999998
C0609,L07,9.641,10.29,11.441,12.52,Normal,Normal,0.6489999999999991,6.731666839539457,1.1510000000000016,1.0789999999999988,2.8789999999999996,10.00752,-0.3665199999999995
C0610,L07,10.348,10.555,11.816,12.634,Normal,Normal,0.20699999999999896,2.0003865481252316,1.261000000000001,0.8179999999999996,2.2859999999999996,10.00752,0.3404800000000012
C0611,L07,9.555,10.246,11.544,12.959,Normal,Normal,0.6910000000000007,7.231815803244382,1.298,1.4149999999999991,3.404,10.00752,-0.4525199999999998
C0612,L07,9.456,9.7,10.208,11.051,Normal,Normal,0.24399999999999977,2.5803722504230096,0.5080000000000009,0.843,1.5950000000000006,10.00752,-0.55152
C0613,L07,10.498,10.905,24.968,28.813,Sudden_Degradation,Anomaly,0.40700000000000003,3.8769289388454946,14.063,3.844999999999999,18.314999999999998,10.00752,0.4904799999999998
C0614,L07,9.452,16.751,28.921,36.939,Latent_Defect,Anomaly,7.299000000000001,77.22175201015659,12.169999999999998,8.018,27.487000000000002,10.00752,-0.5555199999999996
C0615,L07,9.907,10.08,11.328,12.654,Normal,Normal,0.17300000000000004,1.7462400323003942,1.2479999999999993,1.3260000000000005,2.747,10.00752,-0.1005199999999995
C0616,L07,10.433,12.499,16.74,26.487,Gradual_Degradation,Anomaly,2.0660000000000007,19.80254960222372,4.240999999999998,9.747,16.054,10.00752,0.4254800000000003
C0617,L07,10.466,10.919,25.378,30.972,Sudden_Degradation,Anomaly,0.4530000000000012,4.3283011656793535,14.459,5.594000000000001,20.506,10.00752,0.4584799999999998
C0618,L07,9.448,10.133,10.974,11.551,Normal,Normal,0.6849999999999987,7.250211685012688,0.8410000000000011,0.577,2.1029999999999998,10.00752,-0.5595199999999991
C0619,L07,10.612,11.06,12.129,13.814,Normal,Normal,0.4480000000000004,4.221635883905018,1.068999999999999,1.6850000000000005,3.202,10.00752,0.6044800000000006
C0620,L07,9.969,10.099,10.688,12.483,Normal,Normal,0.13000000000000078,1.304042531848739,0.5890000000000004,1.795,2.514000000000001,10.00752,-0.03852000000000011
C0621,L07,10.456,10.977,12.232,13.733,Normal,Normal,0.5210000000000008,4.982785003825563,1.254999999999999,1.5010000000000012,3.277000000000001,10.00752,0.44848
C0622,L07,10.955,11.617,23.307,27.347,Sudden_Degradation,Anomaly,0.6620000000000008,6.0429027841168494,11.689999999999998,4.040000000000003,16.392000000000003,10.00752,0.9474800000000005
C0623,L07,9.939,10.457,11.149,12.11,Normal,Normal,0.5180000000000007,5.211791930777751,0.6919999999999984,0.9610000000000003,2.1709999999999994,10.00752,-0.06851999999999947
C0624,L07,10.074,11.803,16.86,24.648,Gradual_Degradation,Anomaly,1.729000000000001,17.162993845542992,5.056999999999999,7.788,14.574,10.00752,0.06648000000000032
C0625,L07,9.524,10.04,10.516,11.749,Normal,Normal,0.516,5.417891642167158,0.47600000000000087,1.2330000000000005,2.2250000000000014,10.00752,-0.4835200000000004
C0626,L07,9.967,10.557,11.433,13.188,Normal,Normal,0.5899999999999999,5.919534463730308,0.8759999999999994,1.7550000000000008,3.221,10.00752,-0.040519999999999
C0627,L07,10.278,10.511,10.952,12.363,Normal,Normal,0.23299999999999876,2.2669780112862306,0.4410000000000007,1.4109999999999996,2.084999999999999,10.00752,0.27048000000000094
C0628,L07,10.215,10.801,11.415,11.856,Normal,Normal,0.5860000000000003,5.736661771904066,0.613999999999999,0.4410000000000007,1.641,10.00752,0.20748000000000033
C0629,L07,9.708,10.416,11.395,12.055,Normal,Normal,0.7080000000000002,7.292954264524106,0.9789999999999992,0.6600000000000001,2.3469999999999995,10.00752,-0.29951999999999934
C0630,L07,10.617,11.104,12.464,13.279,Normal,Normal,0.4869999999999983,4.586983140246758,1.3600000000000012,0.8149999999999995,2.661999999999999,10.00752,0.6094800000000014
C0631,L07,9.794,10.525,11.648,12.574,Normal,Normal,0.7309999999999999,7.463753318358177,1.1229999999999993,0.9260000000000002,2.7799999999999994,10.00752,-0.21351999999999904
C0632,L07,10.168,11.059,11.313,12.05,Normal,Normal,0.891,8.762785208497247,0.25400000000000134,0.7370000000000001,1.8820000000000014,10.00752,0.16047999999999973
C0633,L07,10.227,16.244,31.691,46.69,Latent_Defect,Anomaly,6.0169999999999995,58.834457807763755,15.447,14.998999999999999,36.462999999999994,10.00752,0.21948000000000079
C0634,L07,9.933,10.291,11.474,12.537,Normal,Normal,0.35800000000000054,3.604147790194307,1.1829999999999998,1.0630000000000006,2.604000000000001,10.00752,-0.0745199999999997
C0635,L07,9.707,10.252,10.596,12.054,Normal,Normal,0.5449999999999999,5.614504996394353,0.3439999999999994,1.4580000000000002,2.3469999999999995,10.00752,-0.3005199999999988
C0636,L07,10.202,10.787,11.376,12.092,Normal,Normal,0.5850000000000009,5.734169770633217,0.5889999999999986,0.7160000000000011,1.8900000000000006,10.00752,0.19448000000000043
C0637,L07,9.856,10.199,11.546,13.061,Normal,Normal,0.34299999999999997,3.4801136363636362,1.3469999999999995,1.5150000000000006,3.205,10.00752,-0.15151999999999965
C0638,L07,9.917,10.281,11.377,12.243,Normal,Normal,0.36400000000000077,3.6704648583240975,1.096,0.8659999999999997,2.3260000000000005,10.00752,-0.09051999999999971
C0639,L07,9.953,10.347,11.393,12.801,Normal,Normal,0.39400000000000013,3.9586054455942947,1.0460000000000012,1.4079999999999995,2.8480000000000008,10.00752,-0.054520000000000124
C0640,L07,10.007,11.377,16.557,25.25,Gradual_Degradation,Anomaly,1.370000000000001,13.690416708304198,5.179999999999998,8.693000000000001,15.243,10.00752,-0.0005199999999998539
C0641,L07,9.365,12.046,18.638,26.989,Gradual_Degradation,Anomaly,2.680999999999999,28.627869727709548,6.592000000000002,8.350999999999999,17.624000000000002,10.00752,-0.6425199999999993
C0642,L07,10.813,12.612,17.799,25.551,Gradual_Degradation,Anomaly,1.7989999999999995,16.637380930361594,5.186999999999999,7.751999999999999,14.737999999999998,10.00752,0.8054800000000011
C0643,L07,10.6,11.128,12.348,13.263,Normal,Normal,0.5280000000000005,4.981132075471702,1.2200000000000006,0.9149999999999991,2.6630000000000003,10.00752,0.5924800000000001
C0644,L07,10.327,10.733,11.147,12.205,Normal,Normal,0.4060000000000006,3.9314418514573504,0.4139999999999997,1.0579999999999998,1.8780000000000001,10.00752,0.31948000000000043
C0645,L07,9.091,9.743,11.195,11.918,Normal,Normal,0.652000000000001,7.1719282807172045,1.452,0.722999999999999,2.827,10.00752,-0.9165200000000002
C0646,L07,10.654,12.182,17.079,25.659,Gradual_Degradation,Anomaly,1.5280000000000005,14.342031162004885,4.897,8.579999999999998,15.004999999999999,10.00752,0.6464800000000004
C0647,L07,9.647,17.502,29.649,42.976,Latent_Defect,Anomaly,7.854999999999999,81.42427697729863,12.147000000000002,13.326999999999998,33.329,10.00752,-0.3605199999999993
C0648,L07,10.641,11.359,11.971,13.2,Normal,Normal,0.718,6.747486138520816,0.6120000000000001,1.2289999999999992,2.5589999999999993,10.00752,0.6334800000000005
C0649,L07,10.225,10.351,11.253,12.118,Normal,Normal,0.12600000000000122,1.2322738386308187,0.9019999999999992,0.8650000000000002,1.8930000000000007,10.00752,0.21748000000000012
C0650,L07,10.748,11.153,25.764,30.009,Sudden_Degradation,Anomaly,0.40500000000000114,3.7681429103089052,14.610999999999999,4.245000000000001,19.261000000000003,10.00752,0.7404799999999998
C0651,L07,10.524,11.355,12.243,13.04,Normal,Normal,0.8310000000000013,7.896237172177892,0.8879999999999999,0.7969999999999988,2.516,10.00752,0.5164799999999996
C0652,L07,9.703,10.182,10.609,12.136,Normal,Normal,0.479000000000001,4.936617540966721,0.4269999999999996,1.5269999999999992,2.433,10.00752,-0.3045200000000001
C0653,L07,10.036,10.454,11.251,12.653,Normal,Normal,0.41800000000000104,4.165005978477492,0.7969999999999988,1.402000000000001,2.617000000000001,10.00752,0.02848000000000006
C0654,L07,10.048,10.448,11.46,12.637,Normal,Normal,0.40000000000000036,3.9808917197452263,1.0120000000000005,1.1769999999999996,2.5890000000000004,10.00752,0.040480000000000516
C0655,L07,10.476,10.772,11.699,13.011,Normal,Normal,0.2959999999999994,2.825505918289417,0.9269999999999996,1.3119999999999994,2.5349999999999984,10.00752,0.46848000000000134
C0656,L07,9.685,10.199,11.329,12.517,Normal,Normal,0.5139999999999993,5.3071760454310715,1.1300000000000008,1.1879999999999988,2.831999999999999,10.00752,-0.32251999999999903
C0657,L07,9.646,11.361,14.773,22.163,Gradual_Degradation,Anomaly,1.7149999999999999,17.77939042089985,3.411999999999999,7.390000000000001,12.517,10.00752,-0.36151999999999873
C0658,L07,10.339,10.684,10.812,11.662,Normal,Normal,0.34499999999999886,3.3368797756069144,0.1280000000000001,0.8500000000000014,1.3230000000000004,10.00752,0.3314800000000009
C0659,L07,9.481,9.654,10.73,11.256,Normal,Normal,0.17300000000000004,1.8247020356502484,1.0760000000000005,0.5259999999999998,1.7750000000000004,10.00752,-0.5265199999999997
C0660,L07,10.304,10.947,11.809,12.532,Normal,Normal,0.6429999999999989,6.24029503105589,0.8620000000000001,0.7230000000000008,2.2279999999999998,10.00752,0.29648000000000074
C0661,L07,9.423,9.572,11.043,11.699,Normal,Normal,0.14899999999999913,1.5812373978563,1.471,0.6560000000000006,2.276,10.00752,-0.5845199999999995
C0662,L07,10.263,10.535,11.234,11.933,Normal,Normal,0.27200000000000024,2.6502971840592444,0.6989999999999998,0.6989999999999998,1.67,10.00752,0.2554800000000004
C0663,L07,9.267,9.666,10.821,12.21,Normal,Normal,0.3990000000000009,4.30560051796699,1.1549999999999994,1.3890000000000011,2.9430000000000014,10.00752,-0.7405200000000001
C0664,L07,9.812,10.549,11.315,12.847,Normal,Normal,0.7370000000000001,7.51121076233184,0.766,1.532,3.035,10.00752,-0.19552000000000014
C0665,L07,9.402,10.08,11.262,12.708,Normal,Normal,0.6780000000000008,7.211231652839831,1.1820000000000004,1.4459999999999997,3.306000000000001,10.00752,-0.6055200000000003
C0666,L07,10.526,11.071,12.756,13.509,Normal,Normal,0.5449999999999999,5.177655329659889,1.6850000000000005,0.7530000000000001,2.9830000000000005,10.00752,0.5184800000000003
C0667,L07,9.232,9.356,10.7,11.784,Normal,Normal,0.12400000000000055,1.3431542461005261,1.3439999999999994,1.0840000000000014,2.5520000000000014,10.00752,-0.7755200000000002
C0668,L07,10.464,11.073,11.787,12.516,Normal,Normal,0.609,5.819954128440367,0.7140000000000004,0.7289999999999992,2.0519999999999996,10.00752,0.4564800000000009
C0669,L07,9.614,10.28,24.373,30.268,Sudden_Degradation,Anomaly,0.6659999999999986,6.9273975452464995,14.093000000000002,5.895,20.654,10.00752,-0.39351999999999876
C0670,L07,10.451,11.289,12.509,14.222,Normal,Normal,0.8379999999999992,8.018371447708345,1.2200000000000006,1.7129999999999992,3.770999999999999,10.00752,0.443480000000001
C0671,L07,9.172,10.962,16.545,23.508,Gradual_Degradation,Anomaly,1.7899999999999991,19.515918011338847,5.583000000000002,6.962999999999997,14.335999999999999,10.00752,-0.8355199999999989
C0672,L07,10.309,11.783,17.01,24.022,Gradual_Degradation,Anomaly,1.4740000000000002,14.298186051023382,5.227000000000002,7.011999999999997,13.713,10.00752,0.30147999999999975
C0673,L07,9.577,10.326,11.264,12.477,Normal,Normal,0.7490000000000006,7.820820716299473,0.9379999999999988,1.213000000000001,2.9000000000000004,10.00752,-0.43051999999999957
C0674,L07,9.842,10.337,11.016,12.78,Normal,Normal,0.4949999999999992,5.0294655557813375,0.6790000000000003,1.7639999999999993,2.937999999999999,10.00752,-0.165519999999999
C0675,L07,9.36,9.898,10.963,11.994,Normal,Normal,0.5380000000000003,5.747863247863251,1.0649999999999995,1.0310000000000006,2.6340000000000003,10.00752,-0.6475200000000001
C0676,L07,10.811,11.701,12.201,13.624,Normal,Normal,0.8900000000000006,8.232355933771164,0.5,1.423,2.8130000000000006,10.00752,0.8034800000000004
C0677,L07,9.914,10.568,11.269,12.683,Normal,Normal,0.6539999999999999,6.596731894290901,0.7010000000000005,1.4139999999999997,2.769,10.00752,-0.09351999999999983
C0678,L07,10.951,11.5,27.777,33.835,Sudden_Degradation,Anomaly,0.5489999999999995,5.013240799926942,16.277,6.058,22.884,10.00752,0.943480000000001
C0679,L07,10.184,10.713,11.909,12.454,Normal,Normal,0.5289999999999999,5.194422623723487,1.1960000000000015,0.5449999999999999,2.2700000000000014,10.00752,0.17647999999999975
C0680,L07,10.606,11.453,12.182,13.651,Normal,Normal,0.8469999999999995,7.986045634546479,0.729000000000001,1.4689999999999994,3.045,10.00752,0.5984800000000003
C0681,L07,10.333,11.221,11.993,13.108,Normal,Normal,0.8879999999999999,8.593825607277653,0.7720000000000002,1.1150000000000002,2.7750000000000004,10.00752,0.32548000000000066
C0682,L07,10.768,12.505,16.772,26.127,Gradual_Degradation,Anomaly,1.737,16.13112927191679,4.266999999999998,9.355,15.358999999999998,10.00752,0.7604800000000012
C0683,L07,10.585,17.719,30.936,50.468,Latent_Defect,Anomaly,7.134,67.3972602739726,13.216999999999999,19.532000000000004,39.883,10.00752,0.5774800000000013
C0684,L07,10.05,10.381,10.913,12.514,Normal,Normal,0.3309999999999995,3.2935323383084523,0.532,1.600999999999999,2.4639999999999986,10.00752,0.042480000000001183
C0685,L07,9.835,10.293,11.283,12.393,Normal,Normal,0.4579999999999984,4.656837824097594,0.9900000000000002,1.1100000000000012,2.558,10.00752,-0.17251999999999867
C0686,L07,10.534,17.626,32.18,46.856,Latent_Defect,Anomaly,7.0920000000000005,67.32485285741409,14.553999999999998,14.676000000000002,36.322,10.00752,0.5264800000000012
C0687,L07,9.396,9.681,11.043,12.5,Normal,Normal,0.28499999999999837,3.0332056194124983,1.362,1.4570000000000007,3.103999999999999,10.00752,-0.6115199999999987
C0688,L07,9.604,10.024,11.089,11.679,Normal,Normal,0.41999999999999993,4.373177842565598,1.0650000000000013,0.5899999999999999,2.075000000000001,10.00752,-0.4035200000000003
C0689,L07,10.55,12.975,17.975,27.058,Gradual_Degradation,Anomaly,2.424999999999999,22.985781990521314,5.000000000000002,9.082999999999998,16.508,10.00752,0.5424800000000012
C0690,L07,10.373,11.16,12.786,13.38,Normal,Normal,0.7870000000000008,7.587004723802187,1.6259999999999994,0.5940000000000012,3.0070000000000014,10.00752,0.3654799999999998
C0691,L07,9.819,10.403,12.169,12.912,Normal,Normal,0.5839999999999996,5.947652510438941,1.766,0.7430000000000003,3.093,10.00752,-0.1885199999999987
C0692,L07,9.573,10.09,11.149,11.788,Normal,Normal,0.5169999999999995,5.400605870677942,1.0589999999999993,0.6390000000000011,2.215,10.00752,-0.43451999999999913
C0693,L07,9.226,9.777,11.368,12.361,Normal,Normal,0.5509999999999984,5.972252330370673,1.591000000000001,0.9930000000000003,3.135,10.00752,-0.7815199999999987
C0694,L07,9.581,9.865,11.342,12.572,Normal,Normal,0.2840000000000007,2.9641999791253597,1.4770000000000003,1.2299999999999986,2.9909999999999997,10.00752,-0.42652
C0695,L07,10.7,10.931,12.111,12.743,Normal,Normal,0.23099999999999987,2.158878504672896,1.1800000000000015,0.6319999999999997,2.043000000000001,10.00752,0.6924799999999998
C0696,L07,8.987,9.649,22.596,28.826,Sudden_Degradation,Anomaly,0.661999999999999,7.366195615889608,12.947000000000001,6.23,19.839,10.00752,-1.0205199999999994
C0697,L07,9.518,12.169,15.364,22.186,Gradual_Degradation,Anomaly,2.651,27.85249001891153,3.1950000000000003,6.821999999999999,12.668,10.00752,-0.48951999999999884
C0698,L07,10.109,16.13,26.943,40.611,Latent_Defect,Anomaly,6.020999999999999,59.56078741715303,10.813000000000002,13.667999999999996,30.501999999999995,10.00752,0.10148000000000046
C0699,L07,10.039,10.114,10.494,11.22,Normal,Normal,0.07500000000000107,0.7470863631835947,0.379999999999999,0.7260000000000009,1.181000000000001,10.00752,0.031480000000000175
C0700,L07,9.536,9.988,21.4,25.045,Sudden_Degradation,Anomaly,0.45199999999999996,4.739932885906041,11.411999999999999,3.645000000000003,15.509000000000002,10.00752,-0.47151999999999994
C0701,L08,9.645,10.536,11.588,12.792,Normal,Normal,0.891,9.237947122861586,1.0519999999999996,1.2040000000000006,3.1470000000000002,10.01966,-0.37466000000000044
C0702,L08,11.222,11.614,12.109,12.699,Normal,Normal,0.39200000000000124,3.493138477989674,0.4949999999999992,0.5899999999999999,1.4770000000000003,10.01966,1.2023399999999995
C0703,L08,9.86,10.167,10.915,12.186,Normal,Normal,0.3070000000000004,3.113590263691688,0.7479999999999993,1.2710000000000008,2.3260000000000005,10.01966,-0.15966000000000058
C0704,L08,10.04,10.404,11.468,12.879,Normal,Normal,0.36400000000000077,3.625498007968135,1.064,1.4109999999999996,2.8390000000000004,10.01966,0.020339999999999137
C0705,L08,10.553,10.94,11.977,12.661,Normal,Normal,0.3869999999999987,3.6672036387756908,1.0370000000000008,0.6839999999999993,2.1079999999999988,10.01966,0.5333400000000008
C0706,L08,9.898,10.559,11.536,12.506,Normal,Normal,0.6609999999999996,6.678116791270961,0.9770000000000003,0.9700000000000006,2.6080000000000005,10.01966,-0.12166000000000032
C0707,L08,10.986,11.209,12.57,13.697,Normal,Normal,0.22299999999999898,2.029856180593473,1.3610000000000007,1.126999999999999,2.7109999999999985,10.01966,0.9663400000000006
C0708,L08,9.977,10.311,11.458,12.686,Normal,Normal,0.33399999999999963,3.347699709331459,1.1470000000000002,1.2279999999999998,2.7089999999999996,10.01966,-0.0426599999999997
C0709,L08,10.098,10.578,11.746,12.42,Normal,Normal,0.47999999999999865,4.753416518122386,1.168000000000001,0.6739999999999995,2.321999999999999,10.01966,0.07834000000000074
C0710,L08,9.949,10.351,11.555,12.606,Normal,Normal,0.402000000000001,4.040607096190582,1.2039999999999988,1.0510000000000002,2.657,10.01966,-0.07066000000000017
C0711,L08,9.889,12.708,17.236,26.08,Gradual_Degradation,Anomaly,2.819000000000001,28.506421276165444,4.5280000000000005,8.843999999999998,16.191,10.01966,-0.13066000000000066
C0712,L08,9.913,10.199,11.034,11.975,Normal,Normal,0.2859999999999996,2.885100373247247,0.8350000000000009,0.940999999999999,2.0619999999999994,10.01966,-0.10665999999999976
C0713,L08,10.42,10.962,11.874,12.294,Normal,Normal,0.5419999999999998,5.201535508637234,0.9120000000000008,0.41999999999999993,1.8740000000000006,10.01966,0.4003399999999999
C0714,L08,10.163,10.905,11.98,13.534,Normal,Normal,0.7419999999999991,7.30099380104299,1.075000000000001,1.5540000000000003,3.3710000000000004,10.01966,0.14334000000000024
C0715,L08,10.222,12.663,16.445,26.192,Gradual_Degradation,Anomaly,2.4410000000000007,23.879866953629435,3.782,9.747,15.97,10.01966,0.20233999999999952
C0716,L08,10.026,10.641,11.813,12.303,Normal,Normal,0.6150000000000002,6.1340514661879135,1.1720000000000006,0.4900000000000002,2.277000000000001,10.01966,0.00633999999999979
C0717,L08,9.356,9.914,11.335,12.556,Normal,Normal,0.5579999999999998,5.964087216759297,1.4210000000000012,1.2209999999999983,3.1999999999999993,10.01966,-0.6636600000000001
C0718,L08,9.228,9.754,10.721,11.399,Normal,Normal,0.5259999999999998,5.700043346337233,0.9670000000000005,0.677999999999999,2.1709999999999994,10.01966,-0.7916600000000003
C0719,L08,9.806,10.223,11.062,12.008,Normal,Normal,0.4170000000000016,4.252498470324308,0.8389999999999986,0.9459999999999997,2.202,10.01966,-0.21366000000000085
C0720,L08,10.143,10.143,11.47,12.32,Normal,Normal,0.0,0.0,1.327,0.8499999999999996,2.1769999999999996,10.01966,0.12334000000000067
C0721,L08,10.009,10.275,11.313,12.019,Normal,Normal,0.266,2.6576081526626036,1.0380000000000003,0.7059999999999995,2.01,10.01966,-0.01065999999999967
C0722,L08,10.507,11.042,12.095,12.56,Normal,Normal,0.5350000000000001,5.091843532882842,1.0530000000000008,0.46499999999999986,2.053000000000001,10.01966,0.48733999999999966
C0723,L08,9.794,10.32,24.344,30.165,Sudden_Degradation,Anomaly,0.5259999999999998,5.370635082703694,14.024000000000001,5.820999999999998,20.371,10.01966,-0.22565999999999953
C0724,L08,9.181,9.705,10.998,11.156,Normal,Normal,0.5240000000000009,5.707439276767247,1.2929999999999993,0.15800000000000125,1.9750000000000014,10.01966,-0.8386600000000008
C0725,L08,10.577,11.354,11.562,12.432,Normal,Normal,0.7769999999999992,7.346128391793508,0.20800000000000018,0.870000000000001,1.8550000000000004,10.01966,0.55734
C0726,L08,10.055,12.258,16.519,22.921,Gradual_Degradation,Anomaly,2.2029999999999994,21.909497762307304,4.260999999999999,6.402000000000001,12.866,10.01966,0.035339999999999705
C0727,L08,9.836,10.294,11.48,12.896,Normal,Normal,0.4580000000000002,4.656364375762507,1.186,1.4160000000000004,3.0600000000000005,10.01966,-0.1836599999999997
C0728,L08,9.298,10.327,24.961,29.604,Sudden_Degradation,Anomaly,1.029,11.06689610668961,14.633999999999999,4.643000000000001,20.305999999999997,10.01966,-0.72166
C0729,L08,10.59,16.963,29.968,43.272,Latent_Defect,Anomaly,6.373000000000001,60.17941454202078,13.004999999999999,13.303999999999998,32.682,10.01966,0.5703399999999998
C0730,L08,9.752,10.371,11.468,12.444,Normal,Normal,0.6189999999999998,6.3474159146841655,1.0969999999999995,0.9760000000000009,2.692,10.01966,-0.26765999999999934
C0731,L08,10.25,10.643,11.477,13.117,Normal,Normal,0.3930000000000007,3.8341463414634216,0.8339999999999996,1.6400000000000006,2.867000000000001,10.01966,0.23034
C0732,L08,10.601,12.714,17.077,25.502,Gradual_Degradation,Anomaly,2.1129999999999995,19.932081879068004,4.363000000000001,8.424999999999997,14.900999999999998,10.01966,0.5813400000000009
C0733,L08,10.64,10.696,11.744,12.746,Normal,Normal,0.05599999999999916,0.5263157894736763,1.048,1.0020000000000007,2.106,10.01966,0.6203400000000006
C0734,L08,10.199,10.534,11.359,11.889,Normal,Normal,0.33500000000000085,3.284635748602813,0.8249999999999993,0.5299999999999994,1.6899999999999995,10.01966,0.17933999999999983
C0735,L08,9.901,10.815,12.157,12.464,Normal,Normal,0.9139999999999997,9.231390768609229,1.3420000000000005,0.3070000000000004,2.5630000000000006,10.01966,-0.11866000000000021
C0736,L08,9.41,9.963,11.591,13.229,Normal,Normal,0.552999999999999,5.876726886291169,1.6280000000000001,1.638,3.818999999999999,10.01966,-0.6096599999999999
C0737,L08,10.339,10.677,12.038,12.789,Normal,Normal,0.3379999999999992,3.2691749685656175,1.3610000000000007,0.7509999999999994,2.4499999999999993,10.01966,0.3193400000000004
C0738,L08,9.189,9.776,11.189,12.314,Normal,Normal,0.5869999999999997,6.388072695614319,1.4130000000000003,1.125,3.125,10.01966,-0.83066
C0739,L08,10.344,11.137,12.017,12.773,Normal,Normal,0.793000000000001,7.666279969064202,0.879999999999999,0.7560000000000002,2.4290000000000003,10.01966,0.3243399999999994
C0740,L08,10.905,11.11,11.558,12.545,Normal,Normal,0.20500000000000007,1.879871618523614,0.4480000000000004,0.9870000000000001,1.6400000000000006,10.01966,0.8853399999999993
C0741,L08,10.32,10.845,11.578,12.553,Normal,Normal,0.5250000000000004,5.087209302325585,0.7329999999999988,0.9750000000000014,2.2330000000000005,10.01966,0.3003400000000003
C0742,L08,10.426,11.35,12.638,13.659,Normal,Normal,0.9239999999999995,8.86245923652407,1.2880000000000003,1.0210000000000008,3.2330000000000005,10.01966,0.40634000000000015
C0743,L08,10.115,10.829,28.336,33.727,Sudden_Degradation,Anomaly,0.7140000000000004,7.058823529411769,17.506999999999998,5.390999999999998,23.611999999999995,10.01966,0.0953400000000002
C0744,L08,10.779,11.192,23.652,28.938,Sudden_Degradation,Anomaly,0.41300000000000026,3.831524260135451,12.46,5.285999999999998,18.159,10.01966,0.7593399999999999
C0745,L08,9.584,9.956,11.113,11.379,Normal,Normal,0.3719999999999999,3.881469115191986,1.157,0.266,1.795,10.01966,-0.4356600000000004
C0746,L08,9.222,10.095,11.116,11.599,Normal,Normal,0.8730000000000011,9.466493168510096,1.020999999999999,0.48300000000000054,2.3770000000000007,10.01966,-0.7976600000000005
C0747,L08,9.652,9.969,11.37,12.843,Normal,Normal,0.31700000000000017,3.2842934106920865,1.4009999999999998,1.4730000000000008,3.1910000000000007,10.01966,-0.36766000000000076
C0748,L08,9.946,10.646,12.024,13.483,Normal,Normal,0.7000000000000011,7.038005228232466,1.3779999999999983,1.4590000000000014,3.537000000000001,10.01966,-0.07366000000000028
C0749,L08,9.513,10.215,24.661,30.112,Sudden_Degradation,Anomaly,0.702,7.379375591296121,14.446000000000002,5.450999999999997,20.598999999999997,10.01966,-0.5066600000000001
C0750,L08,9.763,10.19,29.29,34.29,Sudden_Degradation,Anomaly,0.4269999999999996,4.373655638635661,19.1,5.0,24.527,10.01966,-0.2566600000000001
C0751,L08,10.391,12.075,16.429,22.737,Gradual_Degradation,Anomaly,1.6839999999999993,16.206332403041085,4.353999999999999,6.308,12.345999999999998,10.01966,0.37134
C0752,L08,10.28,10.817,12.025,13.319,Normal,Normal,0.5370000000000008,5.223735408560319,1.2080000000000002,1.2940000000000005,3.0390000000000015,10.01966,0.26033999999999935
C0753,L08,9.507,9.95,11.11,12.759,Normal,Normal,0.4429999999999996,4.6597244135899825,1.1600000000000001,1.649000000000001,3.2520000000000007,10.01966,-0.5126600000000003
C0754,L08,10.011,10.219,11.788,12.409,Normal,Normal,0.20800000000000018,2.0777145140345636,1.5690000000000008,0.6210000000000004,2.3980000000000015,10.01966,-0.008660000000000778
C0755,L08,9.583,10.236,10.986,11.73,Normal,Normal,0.6530000000000005,6.814150057393305,0.75,0.7439999999999998,2.1470000000000002,10.01966,-0.4366599999999998
C0756,L08,10.055,10.57,11.696,12.803,Normal,Normal,0.5150000000000006,5.12182993535555,1.1259999999999994,1.107000000000001,2.748000000000001,10.01966,0.035339999999999705
C0757,L08,9.83,17.2,26.184,37.87,Latent_Defect,Anomaly,7.369999999999999,74.97456765005086,8.984000000000002,11.685999999999996,28.04,10.01966,-0.18965999999999994
C0758,L08,9.988,10.343,11.099,11.654,Normal,Normal,0.3550000000000004,3.554265118141774,0.7560000000000002,0.5549999999999997,1.6660000000000004,10.01966,-0.031660000000000466
C0759,L08,10.129,10.672,11.502,12.672,Normal,Normal,0.543000000000001,5.360845098232807,0.8300000000000001,1.17,2.543000000000001,10.01966,0.10933999999999955
C0760,L08,10.166,10.694,11.696,11.862,Normal,Normal,0.5280000000000005,5.193783198898292,1.001999999999999,0.16600000000000037,1.6959999999999997,10.01966,0.14634000000000036
C0761,L08,10.08,11.023,12.32,13.074,Normal,Normal,0.9429999999999996,9.355158730158726,1.2970000000000006,0.7539999999999996,2.9939999999999998,10.01966,0.06034000000000006
C0762,L08,9.936,10.504,11.723,12.959,Normal,Normal,0.5679999999999996,5.716586151368756,1.2190000000000012,1.2359999999999989,3.0229999999999997,10.01966,-0.08366000000000007
C0763,L08,9.929,10.497,26.301,30.579,Sudden_Degradation,Anomaly,0.5679999999999996,5.720616376271524,15.803999999999998,4.278000000000002,20.65,10.01966,-0.09065999999999974
C0764,L08,10.423,11.153,12.134,13.163,Normal,Normal,0.7300000000000004,7.003741725031184,0.9809999999999999,1.029,2.74,10.01966,0.40334000000000003
C0765,L08,10.037,10.507,11.401,12.821,Normal,Normal,0.46999999999999886,4.682674105808497,0.8940000000000001,1.42,2.783999999999999,10.01966,0.0173400000000008
C0766,L08,10.169,10.603,11.784,12.443,Normal,Normal,0.4339999999999993,4.26787294719244,1.181000000000001,0.6589999999999989,2.273999999999999,10.01966,0.14934000000000047
C0767,L08,11.243,11.796,12.909,14.06,Normal,Normal,0.552999999999999,4.918616027750592,1.1130000000000013,1.1509999999999998,2.817,10.01966,1.2233400000000003
C0768,L08,9.703,11.829,17.804,26.861,Gradual_Degradation,Anomaly,2.1260000000000012,21.910749252808422,5.974999999999998,9.057000000000002,17.158,10.01966,-0.3166600000000006
C0769,L08,10.436,12.31,17.133,24.205,Gradual_Degradation,Anomaly,1.8740000000000006,17.95707167497126,4.822999999999999,7.071999999999999,13.768999999999998,10.01966,0.41633999999999993
C0770,L08,10.036,10.574,11.299,11.964,Normal,Normal,0.5380000000000003,5.360701474691115,0.7249999999999996,0.6650000000000009,1.9280000000000008,10.01966,0.016339999999999577
C0771,L08,9.93,12.053,16.235,23.932,Gradual_Degradation,Anomaly,2.123000000000001,21.379657603222572,4.181999999999999,7.696999999999999,14.001999999999999,10.01966,-0.0896600000000003
C0772,L08,10.012,16.748,25.876,37.244,Latent_Defect,Anomaly,6.736000000000001,67.27926488214143,9.128,11.367999999999999,27.232,10.01966,-0.007659999999999556
C0773,L08,10.141,10.214,11.219,12.638,Normal,Normal,0.0730000000000004,0.7198501134010491,1.004999999999999,1.4190000000000005,2.497,10.01966,0.12134
C0774,L08,9.431,16.456,28.093,41.88,Latent_Defect,Anomaly,7.025,74.48838935425725,11.637,13.787000000000003,32.449000000000005,10.01966,-0.5886600000000008
C0775,L08,10.498,11.338,12.758,13.605,Normal,Normal,0.8399999999999999,8.001524099828536,1.42,0.8470000000000013,3.107000000000001,10.01966,0.4783399999999993
C0776,L08,10.255,10.658,11.298,11.372,Normal,Normal,0.4029999999999987,3.9297903461725854,0.6400000000000006,0.07399999999999984,1.116999999999999,10.01966,0.23534000000000077
C0777,L08,10.429,10.763,12.032,12.363,Normal,Normal,0.33399999999999963,3.202608111995394,1.2690000000000001,0.3309999999999995,1.9339999999999993,10.01966,0.40934000000000026
C0778,L08,9.999,10.503,24.587,29.428,Sudden_Degradation,Anomaly,0.5039999999999996,5.040504050405035,14.084,4.841000000000001,19.429000000000002,10.01966,-0.020659999999999457
C0779,L08,9.815,10.045,11.189,12.461,Normal,Normal,0.23000000000000043,2.343352012226189,1.1440000000000001,1.2720000000000002,2.646000000000001,10.01966,-0.2046600000000005
C0780,L08,10.075,10.517,23.527,28.345,Sudden_Degradation,Anomaly,0.44200000000000017,4.387096774193551,13.010000000000002,4.817999999999998,18.27,10.01966,0.05533999999999928
C0781,L08,8.911,9.447,10.884,12.207,Normal,Normal,0.5359999999999996,6.015037593984958,1.4370000000000012,1.3230000000000004,3.296000000000001,10.01966,-1.1086600000000004
C0782,L08,9.947,11.765,16.211,22.243,Gradual_Degradation,Anomaly,1.8180000000000014,18.276867397205205,4.445999999999998,6.032,12.296,10.01966,-0.07266000000000084
C0783,L08,10.052,10.96,25.535,32.039,Sudden_Degradation,Anomaly,0.9080000000000013,9.033028253083977,14.575,6.504000000000001,21.987000000000002,10.01966,0.03233999999999959
C0784,L08,9.995,17.291,27.665,43.312,Latent_Defect,Anomaly,7.296000000000001,72.99649824912457,10.373999999999999,15.646999999999998,33.317,10.01966,-0.024660000000000792
C0785,L08,10.113,10.616,26.193,30.631,Sudden_Degradation,Anomaly,0.5030000000000001,4.973796104024524,15.577000000000002,4.437999999999999,20.518,10.01966,0.09333999999999953
C0786,L08,9.289,11.083,16.884,24.386,Gradual_Degradation,Anomaly,1.7940000000000005,19.31316611045323,5.801,7.501999999999999,15.097,10.01966,-0.7306600000000003
C0787,L08,9.609,9.957,11.028,11.497,Normal,Normal,0.34800000000000075,3.621604745551054,1.0709999999999997,0.4689999999999994,1.888,10.01966,-0.41066
C0788,L08,9.67,9.838,10.215,11.18,Normal,Normal,0.16799999999999926,1.7373319544984414,0.37700000000000067,0.9649999999999999,1.5099999999999998,10.01966,-0.3496600000000001
C0789,L08,9.925,10.36,11.083,11.886,Normal,Normal,0.4349999999999987,4.382871536523917,0.7230000000000008,0.802999999999999,1.9609999999999985,10.01966,-0.0946599999999993
C0790,L08,9.808,10.365,11.42,12.941,Normal,Normal,0.5570000000000004,5.679037520391521,1.0549999999999997,1.5210000000000008,3.133000000000001,10.01966,-0.21166000000000018
C0791,L08,10.293,10.711,12.182,13.209,Normal,Normal,0.41800000000000104,4.061012338482474,1.471,1.0269999999999992,2.9160000000000004,10.01966,0.27333999999999925
C0792,L08,9.68,10.002,10.586,10.946,Normal,Normal,0.32200000000000095,3.326446280991745,0.5839999999999996,0.35999999999999943,1.266,10.01966,-0.3396600000000003
C0793,L08,9.391,9.923,10.77,11.41,Normal,Normal,0.532,5.664998402726015,0.8469999999999995,0.6400000000000006,2.019,10.01966,-0.62866
C0794,L08,10.723,12.729,16.934,25.355,Gradual_Degradation,Anomaly,2.0059999999999985,18.70745127296464,4.205000000000002,8.421,14.632,10.01966,0.7033400000000007
C0795,L08,9.572,10.091,10.94,11.902,Normal,Normal,0.5190000000000001,5.422064354366905,0.8490000000000002,0.9619999999999997,2.33,10.01966,-0.44766000000000084
C0796,L08,9.933,10.515,11.396,11.922,Normal,Normal,0.5820000000000007,5.859257022047728,0.8810000000000002,0.5259999999999998,1.9890000000000008,10.01966,-0.08666000000000018
C0797,L08,9.8,17.069,31.699,44.568,Latent_Defect,Anomaly,7.268999999999998,74.17346938775508,14.630000000000003,12.868999999999996,34.768,10.01966,-0.2196599999999993
C0798,L08,10.599,10.803,12.158,13.35,Normal,Normal,0.20400000000000063,1.9247098782904106,1.3549999999999986,1.1920000000000002,2.7509999999999994,10.01966,0.5793400000000002
C0799,L08,9.899,10.293,10.873,12.401,Normal,Normal,0.39400000000000013,3.9802000202040624,0.5800000000000001,1.5280000000000005,2.5020000000000007,10.01966,-0.12066000000000088
C0800,L08,10.149,11.715,15.941,23.63,Gradual_Degradation,Anomaly,1.5660000000000007,15.430091634643816,4.226000000000001,7.688999999999998,13.481,10.01966,0.12933999999999912
C0801,L09,9.693,10.051,11.406,13.075,Normal,Normal,0.35800000000000054,3.6933869802950636,1.3550000000000004,1.6689999999999987,3.3819999999999997,10.05602,-0.36302000000000056
C0802,L09,9.507,12.069,16.949,23.516,Gradual_Degradation,Anomaly,2.562000000000001,26.94856421584097,4.880000000000001,6.566999999999997,14.008999999999999,10.05602,-0.5490200000000005
C0803,L09,9.738,10.336,11.238,12.558,Normal,Normal,0.5980000000000008,6.1408913534606775,0.9019999999999992,1.3200000000000003,2.8200000000000003,10.05602,-0.31802000000000064
C0804,L09,9.445,10.174,10.756,11.992,Normal,Normal,0.7289999999999992,7.718369507676011,0.5820000000000007,1.2360000000000007,2.5470000000000006,10.05602,-0.6110199999999999
C0805,L09,9.638,10.099,10.938,11.832,Normal,Normal,0.4610000000000003,4.783150031126793,0.8390000000000004,0.8940000000000001,2.194000000000001,10.05602,-0.4180200000000003
C0806,L09,9.469,9.96,11.056,12.718,Normal,Normal,0.49100000000000144,5.185341641144803,1.0959999999999983,1.6620000000000008,3.2490000000000006,10.05602,-0.5870200000000008
C0807,L09,10.07,10.769,11.628,12.456,Normal,Normal,0.6989999999999998,6.941410129096324,0.859,0.8279999999999994,2.3859999999999992,10.05602,0.013980000000000103
C0808,L09,9.877,10.496,11.274,12.751,Normal,Normal,0.6189999999999998,6.267085147311933,0.7779999999999987,1.4770000000000003,2.8739999999999988,10.05602,-0.1790199999999995
C0809,L09,10.475,11.024,11.952,12.284,Normal,Normal,0.5489999999999995,5.241050119331738,0.9280000000000008,0.33200000000000074,1.809000000000001,10.05602,0.41897999999999946
C0810,L09,10.372,10.705,22.018,26.128,Sudden_Degradation,Anomaly,0.3330000000000002,3.210566910914001,11.313,4.109999999999999,15.756,10.05602,0.3159799999999997
C0811,L09,9.968,10.575,11.785,12.684,Normal,Normal,0.6069999999999993,6.089486356340282,1.2100000000000009,0.8989999999999991,2.7159999999999993,10.05602,-0.08802000000000021
C0812,L09,10.757,12.916,17.276,23.368,Gradual_Degradation,Anomaly,2.1590000000000007,20.070651668680867,4.359999999999999,6.091999999999999,12.610999999999999,10.05602,0.7009799999999995
C0813,L09,9.803,12.204,17.332,25.903,Gradual_Degradation,Anomaly,2.401,24.492502295215747,5.128,8.570999999999998,16.099999999999998,10.05602,-0.25301999999999936
C0814,L09,10.392,12.641,17.196,25.066,Gradual_Degradation,Anomaly,2.2490000000000006,21.641647421093154,4.5550000000000015,7.869999999999997,14.674,10.05602,0.3359799999999993
C0815,L09,10.835,11.146,11.923,13.44,Normal,Normal,0.31099999999999994,2.870327641901245,0.7769999999999992,1.5169999999999995,2.6049999999999986,10.05602,0.7789800000000007
C0816,L09,9.432,11.627,15.495,23.714,Gradual_Degradation,Anomaly,2.1950000000000003,23.271840542832912,3.8679999999999986,8.219,14.281999999999998,10.05602,-0.6240199999999998
C0817,L09,10.505,10.836,11.571,11.535,Normal,Normal,0.3309999999999995,3.150880533079481,0.7349999999999994,-0.03599999999999959,1.0299999999999994,10.05602,0.4489800000000006
C0818,L09,10.03,12.41,17.133,23.521,Gradual_Degradation,Anomaly,2.380000000000001,23.72881355932204,4.722999999999999,6.388000000000002,13.491000000000001,10.05602,-0.02602000000000082
C0819,L09,9.869,10.301,11.527,12.052,Normal,Normal,0.4320000000000004,4.377343195865847,1.225999999999999,0.5250000000000004,2.183,10.05602,-0.1870200000000004
C0820,L09,10.091,10.834,12.035,13.646,Normal,Normal,0.7430000000000003,7.362996729759195,1.2010000000000005,1.6110000000000007,3.5550000000000015,10.05602,0.03497999999999912
C0821,L09,10.444,18.205,26.484,42.212,Latent_Defect,Anomaly,7.7609999999999975,74.31060896208346,8.279000000000003,15.728000000000002,31.768,10.05602,0.38798000000000066
C0822,L09,9.714,10.254,24.555,28.782,Sudden_Degradation,Anomaly,0.5399999999999991,5.5589870290302565,14.301,4.227,19.067999999999998,10.05602,-0.34201999999999977
C0823,L09,10.19,10.936,12.285,13.25,Normal,Normal,0.7460000000000004,7.320902845927385,1.3490000000000002,0.9649999999999999,3.0600000000000005,10.05602,0.13397999999999932
C0824,L09,10.427,10.853,12.014,13.185,Normal,Normal,0.42600000000000016,4.0855471372398595,1.1609999999999996,1.1710000000000012,2.758000000000001,10.05602,0.3709799999999994
C0825,L09,9.86,10.104,11.199,12.934,Normal,Normal,0.24399999999999977,2.4746450304259615,1.0950000000000006,1.7349999999999994,3.074,10.05602,-0.19602000000000075
C0826,L09,9.416,10.02,10.992,11.897,Normal,Normal,0.6039999999999992,6.414613423959209,0.9720000000000013,0.9049999999999994,2.481,10.05602,-0.6400199999999998
C0827,L09,10.558,11.096,12.272,13.239,Normal,Normal,0.5380000000000003,5.095662057207807,1.1760000000000002,0.9670000000000005,2.681000000000001,10.05602,0.5019799999999996
C0828,L09,10.167,10.701,11.518,12.663,Normal,Normal,0.5340000000000007,5.252286810268523,0.8170000000000002,1.1449999999999996,2.4960000000000004,10.05602,0.11097999999999963
C0829,L09,10.156,10.278,10.933,12.071,Normal,Normal,0.12199999999999989,1.2012603387160286,0.6549999999999994,1.138,1.9149999999999991,10.05602,0.0999800000000004
C0830,L09,10.729,16.233,28.944,43.327,Latent_Defect,Anomaly,5.504000000000001,51.30021437226211,12.710999999999999,14.383,32.598,10.05602,0.672979999999999
C0831,L09,10.253,11.043,12.377,13.981,Normal,Normal,0.7899999999999991,7.705061933092745,1.3340000000000014,1.6039999999999992,3.7279999999999998,10.05602,0.19697999999999993
C0832,L09,9.875,10.876,11.949,12.116,Normal,Normal,1.0009999999999994,10.136708860759489,1.0730000000000004,0.16699999999999982,2.2409999999999997,10.05602,-0.18102000000000018
C0833,L09,10.277,10.667,11.629,12.298,Normal,Normal,0.39000000000000057,3.79488177483702,0.9619999999999997,0.6690000000000005,2.021000000000001,10.05602,0.22097999999999907
C0834,L09,9.62,10.506,10.914,12.214,Normal,Normal,0.886000000000001,9.209979209979222,0.4079999999999995,1.3000000000000007,2.594000000000001,10.05602,-0.43602000000000096
C0835,L09,8.967,10.979,15.955,23.409,Gradual_Degradation,Anomaly,2.0119999999999987,22.437827590052397,4.976000000000001,7.453999999999999,14.441999999999998,10.05602,-1.0890199999999997
C0836,L09,10.298,10.752,12.245,13.389,Normal,Normal,0.4540000000000006,4.408623033598763,1.4929999999999986,1.1440000000000001,3.0909999999999993,10.05602,0.24197999999999986
C0837,L09,9.568,16.537,33.319,48.073,Latent_Defect,Anomaly,6.968999999999999,72.83653846153845,16.782000000000004,14.753999999999998,38.505,10.05602,-0.48802000000000056
C0838,L09,9.95,10.131,10.984,12.238,Normal,Normal,0.18100000000000094,1.8190954773869443,0.8529999999999998,1.2539999999999996,2.2880000000000003,10.05602,-0.10602000000000089
C0839,L09,10.011,11.449,16.544,23.869,Gradual_Degradation,Anomaly,1.4380000000000006,14.364199380681258,5.095000000000001,7.324999999999999,13.858,10.05602,-0.04502000000000095
C0840,L09,10.589,11.046,11.891,12.856,Normal,Normal,0.45699999999999896,4.3157994144867216,0.8450000000000006,0.9649999999999999,2.2669999999999995,10.05602,0.5329800000000002
C0841,L09,11.085,11.3,11.93,12.481,Normal,Normal,0.21499999999999986,1.9395579612088394,0.629999999999999,0.5510000000000002,1.395999999999999,10.05602,1.0289800000000007
C0842,L09,9.862,10.199,11.678,12.999,Normal,Normal,0.33699999999999974,3.417156763334007,1.479000000000001,1.3209999999999997,3.1370000000000005,10.05602,-0.19402000000000008
C0843,L09,10.431,10.648,12.134,13.089,Normal,Normal,0.21700000000000053,2.0803374556610157,1.4860000000000007,0.9550000000000001,2.6580000000000013,10.05602,0.374979999999999
C0844,L09,9.518,9.787,24.743,29.054,Sudden_Degradation,Anomaly,0.26900000000000013,2.82622399663795,14.955999999999998,4.311,19.535999999999998,10.05602,-0.5380199999999995
C0845,L09,10.102,10.756,11.524,12.032,Normal,Normal,0.6539999999999999,6.473965551375964,0.7679999999999989,0.5080000000000009,1.9299999999999997,10.05602,0.04598000000000013
C0846,L09,10.096,10.825,11.794,12.951,Normal,Normal,0.7289999999999992,7.2206814580031615,0.9690000000000012,1.157,2.8550000000000004,10.05602,0.039979999999999905
C0847,L09,9.631,10.167,11.204,12.488,Normal,Normal,0.5359999999999996,5.565361852351777,1.0370000000000008,1.283999999999999,2.8569999999999993,10.05602,-0.42501999999999995
C0848,L09,10.11,11.706,17.476,25.239,Gradual_Degradation,Anomaly,1.596,15.786350148367953,5.77,7.763000000000002,15.129000000000001,10.05602,0.05397999999999925
C0849,L09,10.375,10.931,11.812,12.505,Normal,Normal,0.5559999999999992,5.3590361445783055,0.8810000000000002,0.6930000000000014,2.130000000000001,10.05602,0.3189799999999998
C0850,L09,10.382,11.107,12.279,12.997,Normal,Normal,0.7249999999999996,6.983240223463684,1.1720000000000006,0.718,2.615,10.05602,0.3259799999999995
C0851,L09,9.231,9.702,10.674,11.576,Normal,Normal,0.4710000000000001,5.102372440688984,0.9719999999999995,0.902000000000001,2.3450000000000006,10.05602,-0.8250200000000003
C0852,L09,9.413,16.309,27.532,40.921,Latent_Defect,Anomaly,6.896000000000001,73.2603845745246,11.222999999999999,13.389,31.508,10.05602,-0.6430199999999999
C0853,L09,10.317,10.677,11.568,12.588,Normal,Normal,0.35999999999999943,3.489386449549282,0.891,1.0199999999999996,2.270999999999999,10.05602,0.26098
C0854,L09,9.971,11.769,17.456,25.536,Gradual_Degradation,Anomaly,1.798,18.032293651589608,5.686999999999999,8.080000000000002,15.565000000000001,10.05602,-0.0850200000000001
C0855,L09,10.57,10.992,12.042,13.209,Normal,Normal,0.4220000000000006,3.9924314096499582,1.049999999999999,1.1669999999999998,2.6389999999999993,10.05602,0.5139800000000001
C0856,L09,10.279,10.744,12.115,12.702,Normal,Normal,0.46499999999999986,4.523786360540908,1.3710000000000004,0.5869999999999997,2.423,10.05602,0.22297999999999973
C0857,L09,10.298,12.062,16.933,24.308,Gradual_Degradation,Anomaly,1.7639999999999993,17.12953971644979,4.871,7.375,14.01,10.05602,0.24197999999999986
C0858,L09,9.51,15.42,30.123,45.895,Latent_Defect,Anomaly,5.91,62.14511041009464,14.703000000000001,15.772000000000002,36.385000000000005,10.05602,-0.5460200000000004
C0859,L09,9.969,12.066,17.91,25.723,Gradual_Degradation,Anomaly,2.0970000000000013,21.03520914835993,5.843999999999999,7.812999999999999,15.754,10.05602,-0.08702000000000076
C0860,L09,9.662,11.224,17.471,23.941,Gradual_Degradation,Anomaly,1.5619999999999994,16.16642517077209,6.247,6.469999999999999,14.278999999999998,10.05602,-0.39401999999999937
C0861,L09,10.815,11.24,12.197,13.068,Normal,Normal,0.4250000000000007,3.9297272306981115,0.956999999999999,0.8710000000000004,2.253,10.05602,0.7589799999999993
C0862,L09,9.364,9.845,10.662,11.607,Normal,Normal,0.48099999999999987,5.1366937206322065,0.8170000000000002,0.9449999999999985,2.2429999999999986,10.05602,-0.6920199999999994
C0863,L09,10.479,11.02,12.526,13.926,Normal,Normal,0.5410000000000004,5.162706365111179,1.5060000000000002,1.4000000000000004,3.447000000000001,10.05602,0.422979999999999
C0864,L09,10.849,11.213,12.14,13.141,Normal,Normal,0.363999999999999,3.355147939902286,0.9270000000000014,1.0009999999999994,2.292,10.05602,0.79298
C0865,L09,10.535,11.29,12.336,13.319,Normal,Normal,0.754999999999999,7.166587565258651,1.0460000000000012,0.9830000000000005,2.7840000000000007,10.05602,0.47897999999999996
C0866,L09,10.033,9.991,26.228,32.867,Sudden_Degradation,Anomaly,-0.041999999999999815,-0.41861855875610304,16.237000000000002,6.638999999999996,22.833999999999996,10.05602,-0.023020000000000707
C0867,L09,10.191,10.753,11.046,11.84,Normal,Normal,0.5619999999999994,5.514669806692173,0.29299999999999926,0.7940000000000005,1.6489999999999991,10.05602,0.13498000000000054
C0868,L09,9.617,10.11,11.407,12.32,Normal,Normal,0.49299999999999855,5.12633877508577,1.2970000000000006,0.9130000000000003,2.7029999999999994,10.05602,-0.4390199999999993
C0869,L09,10.263,10.668,11.109,12.154,Normal,Normal,0.40499999999999936,3.946214557147027,0.4410000000000007,1.045,1.891,10.05602,0.20697999999999972
C0870,L09,10.573,11.053,11.964,12.866,Normal,Normal,0.4800000000000004,4.5398656956398415,0.9109999999999996,0.9019999999999992,2.2929999999999993,10.05602,0.5169800000000002
C0871,L09,10.493,10.851,11.672,12.477,Normal,Normal,0.35800000000000054,3.4117983417516493,0.8209999999999997,0.8049999999999997,1.984,10.05602,0.43698000000000015
C0872,L09,10.23,10.695,11.692,12.815,Normal,Normal,0.46499999999999986,4.545454545454544,0.9969999999999999,1.1229999999999993,2.584999999999999,10.05602,0.17398000000000025
C0873,L09,10.907,17.564,27.62,43.584,Latent_Defect,Anomaly,6.657,61.03419822132575,10.056000000000001,15.964000000000002,32.67700000000001,10.05602,0.8509799999999998
C0874,L09,9.951,10.229,11.105,12.079,Normal,Normal,0.2779999999999987,2.793689076474713,0.8760000000000012,0.9740000000000002,2.128,10.05602,-0.10501999999999967
C0875,L09,10.198,10.751,11.238,13.293,Normal,Normal,0.552999999999999,5.4226318886056,0.4870000000000001,2.0549999999999997,3.094999999999999,10.05602,0.14198000000000022
C0876,L09,10.447,10.896,28.09,31.524,Sudden_Degradation,Anomaly,0.4490000000000016,4.297884560160828,17.194,3.434000000000001,21.077,10.05602,0.390979999999999
C0877,L09,8.496,9.11,9.616,10.858,Normal,Normal,0.613999999999999,7.226930320150647,0.5060000000000002,1.2420000000000009,2.362,10.05602,-1.5600199999999997
C0878,L09,9.662,15.091,27.312,40.059,Latent_Defect,Anomaly,5.4289999999999985,56.189194783688656,12.221000000000002,12.746999999999996,30.397,10.05602,-0.39401999999999937
C0879,L09,10.247,10.176,11.002,11.899,Normal,Normal,-0.07099999999999973,-0.6928857226505292,0.8260000000000005,0.8969999999999985,1.6519999999999992,10.05602,0.1909799999999997
C0880,L09,9.92,10.506,11.52,12.743,Normal,Normal,0.5860000000000003,5.907258064516132,1.0139999999999993,1.2230000000000008,2.8230000000000004,10.05602,-0.13602000000000025
C0881,L09,10.928,12.736,19.326,29.607,Gradual_Degradation,Anomaly,1.8079999999999998,16.544655929721813,6.59,10.280999999999999,18.679,10.05602,0.8719800000000006
C0882,L09,9.412,16.077,28.065,44.422,Latent_Defect,Anomaly,6.665000000000001,70.81385465363367,11.988,16.356999999999996,35.01,10.05602,-0.6440199999999994
C0883,L09,9.313,9.917,10.962,12.735,Normal,Normal,0.6039999999999992,6.485557822398788,1.045,1.7729999999999997,3.421999999999999,10.05602,-0.7430199999999996
C0884,L09,10.643,11.021,11.552,12.081,Normal,Normal,0.3780000000000001,3.551630179460679,0.5309999999999988,0.5289999999999999,1.4379999999999988,10.05602,0.5869800000000005
C0885,L09,10.718,11.148,12.255,13.801,Normal,Normal,0.4299999999999997,4.011942526590779,1.107000000000001,1.5459999999999994,3.083,10.05602,0.6619799999999998
C0886,L09,10.537,10.927,11.935,12.318,Normal,Normal,0.3899999999999988,3.701243238113303,1.008000000000001,0.3829999999999991,1.7809999999999988,10.05602,0.48098000000000063
C0887,L09,10.082,11.021,12.043,13.232,Normal,Normal,0.9390000000000001,9.31362824836342,1.0219999999999985,1.189,3.1499999999999986,10.05602,0.025980000000000558
C0888,L09,10.529,11.068,11.817,13.387,Normal,Normal,0.5389999999999997,5.119194605375626,0.7490000000000006,1.5700000000000003,2.8580000000000005,10.05602,0.47297999999999973
C0889,L09,9.954,10.277,11.162,12.381,Normal,Normal,0.3229999999999986,3.244926662648168,0.8850000000000016,1.2189999999999994,2.4269999999999996,10.05602,-0.10201999999999956
C0890,L09,9.625,9.876,24.756,30.249,Sudden_Degradation,Anomaly,0.25099999999999945,2.607792207792202,14.88,5.4929999999999986,20.624,10.05602,-0.4310200000000002
C0891,L09,10.145,10.246,11.528,12.168,Normal,Normal,0.10100000000000087,0.9955643173977414,1.282,0.6399999999999988,2.0229999999999997,10.05602,0.08897999999999939
C0892,L09,9.213,9.469,9.863,10.822,Normal,Normal,0.2560000000000002,2.7786822967545888,0.39400000000000013,0.9589999999999996,1.609,10.05602,-0.843020000000001
C0893,L09,9.701,15.734,25.092,34.845,Latent_Defect,Anomaly,6.0329999999999995,62.18946500360787,9.357999999999999,9.753,25.144,10.05602,-0.35501999999999967
C0894,L09,10.145,10.654,12.002,13.391,Normal,Normal,0.5090000000000003,5.0172498767865985,1.3480000000000008,1.3889999999999993,3.2460000000000004,10.05602,0.08897999999999939
C0895,L09,9.61,10.151,11.195,11.932,Normal,Normal,0.5410000000000004,5.629552549427683,1.0440000000000005,0.7370000000000001,2.322000000000001,10.05602,-0.44602000000000075
C0896,L09,9.588,11.861,15.674,23.465,Gradual_Degradation,Anomaly,2.2730000000000015,23.706716729244906,3.812999999999999,7.791,13.877,10.05602,-0.468020000000001
C0897,L09,10.603,10.798,11.683,12.411,Normal,Normal,0.19500000000000028,1.8391021409035206,0.8849999999999998,0.7279999999999998,1.8079999999999998,10.05602,0.5469799999999996
C0898,L09,9.627,9.991,10.699,11.981,Normal,Normal,0.363999999999999,3.7810325127246176,0.7080000000000002,1.282,2.353999999999999,10.05602,-0.4290199999999995
C0899,L09,9.346,14.748,24.474,36.688,Latent_Defect,Anomaly,5.401999999999999,57.80012839717526,9.726,12.214000000000002,27.342000000000002,10.05602,-0.7100200000000001
C0900,L09,10.766,11.273,25.454,31.46,Sudden_Degradation,Anomaly,0.5069999999999997,4.70926992383429,14.181000000000001,6.006,20.694000000000003,10.05602,0.7099799999999998
C0901,L10,9.436,10.162,10.645,11.279,Normal,Normal,0.7260000000000009,7.693938109368386,0.48299999999999876,0.6340000000000003,1.843,9.99168,-0.5556800000000006
C0902,L10,10.523,11.175,11.997,13.357,Normal,Normal,0.652000000000001,6.1959517247933205,0.8219999999999992,1.3599999999999994,2.8339999999999996,9.99168,0.5313199999999991
C0903,L10,10.85,11.269,12.595,14.236,Normal,Normal,0.4190000000000005,3.861751152073737,1.3260000000000005,1.641,3.386000000000001,9.99168,0.8583199999999991
C0904,L10,10.211,11.022,11.403,12.276,Normal,Normal,0.8109999999999999,7.942415042601116,0.3810000000000002,0.8729999999999993,2.0649999999999995,9.99168,0.21931999999999974
C0905,L10,10.471,11.009,12.106,14.018,Normal,Normal,0.5380000000000003,5.1380001910037265,1.0969999999999995,1.9120000000000008,3.5470000000000006,9.99168,0.4793199999999995
C0906,L10,9.017,9.5,9.89,10.909,Normal,Normal,0.48300000000000054,5.3565487412665025,0.39000000000000057,1.0190000000000001,1.8920000000000012,9.99168,-0.9746800000000011
C0907,L10,9.875,10.041,10.86,11.987,Normal,Normal,0.16600000000000037,1.681012658227852,0.8189999999999991,1.1270000000000007,2.112,9.99168,-0.11668000000000056
C0908,L10,10.325,12.557,17.803,24.979,Gradual_Degradation,Anomaly,2.232000000000001,21.617433414043596,5.246,7.175999999999998,14.654,9.99168,0.33331999999999873
C0909,L10,10.138,10.877,12.393,12.396,Normal,Normal,0.7390000000000008,7.28940619451569,1.516,0.0030000000000001137,2.258000000000001,9.99168,0.14631999999999934
C0910,L10,10.048,10.484,10.961,11.742,Normal,Normal,0.43599999999999994,4.3391719745222925,0.4770000000000003,0.7810000000000006,1.6940000000000008,9.99168,0.05631999999999948
C0911,L10,9.454,9.981,10.831,12.006,Normal,Normal,0.5269999999999992,5.574360059234178,0.8499999999999996,1.1750000000000007,2.5519999999999996,9.99168,-0.5376799999999999
C0912,L10,10.039,10.75,11.839,12.528,Normal,Normal,0.7110000000000003,7.08237872298038,1.0890000000000004,0.6890000000000001,2.4890000000000008,9.99168,0.04731999999999914
C0913,L10,10.079,10.614,11.492,12.245,Normal,Normal,0.5350000000000001,5.308066276416312,0.8780000000000001,0.7529999999999983,2.1659999999999986,9.99168,0.08732000000000006
C0914,L10,10.288,10.758,11.913,13.241,Normal,Normal,0.46999999999999886,4.568429237947112,1.1550000000000011,1.3279999999999994,2.9529999999999994,9.99168,0.2963199999999997
C0915,L10,10.162,10.556,11.136,12.625,Normal,Normal,0.39399999999999835,3.877189529620137,0.5800000000000001,1.4890000000000008,2.462999999999999,9.99168,0.17032000000000025
C0916,L10,10.16,10.628,11.952,13.329,Normal,Normal,0.46799999999999997,4.606299212598425,1.3239999999999998,1.3770000000000007,3.1690000000000005,9.99168,0.16831999999999958
C0917,L10,10.244,10.958,12.064,12.715,Normal,Normal,0.7140000000000004,6.969933619679816,1.1059999999999999,0.6509999999999998,2.471,9.99168,0.2523199999999992
C0918,L10,9.729,10.215,11.377,12.728,Normal,Normal,0.48600000000000065,4.99537465309899,1.1620000000000008,1.350999999999999,2.9990000000000006,9.99168,-0.26268000000000136
C0919,L10,9.666,10.154,11.387,12.364,Normal,Normal,0.48799999999999955,5.048624043037446,1.2330000000000005,0.9770000000000003,2.6980000000000004,9.99168,-0.3256800000000002
C0920,L10,9.305,10.013,10.908,11.021,Normal,Normal,0.7080000000000002,7.608812466415908,0.8949999999999996,0.11300000000000132,1.716000000000001,9.99168,-0.6866800000000008
C0921,L10,10.685,10.968,11.67,13.038,Normal,Normal,0.2829999999999995,2.64857276555919,0.702,1.3680000000000003,2.3529999999999998,9.99168,0.6933199999999999
C0922,L10,9.619,10.044,11.075,11.882,Normal,Normal,0.4250000000000007,4.41833870464706,1.0309999999999988,0.8070000000000004,2.263,9.99168,-0.3726800000000008
C0923,L10,9.109,9.163,10.462,11.674,Normal,Normal,0.05400000000000027,0.5928202876276241,1.2989999999999995,1.2119999999999997,2.5649999999999995,9.99168,-0.8826800000000006
C0924,L10,9.767,11.162,15.889,24.389,Gradual_Degradation,Anomaly,1.3950000000000014,14.282788983311164,4.7269999999999985,8.5,14.622,9.99168,-0.2246800000000011
C0925,L10,9.322,9.866,10.802,12.274,Normal,Normal,0.5440000000000005,5.835657584209403,0.9359999999999999,1.4719999999999995,2.952,9.99168,-0.6696800000000014
C0926,L10,10.298,10.394,11.538,13.137,Normal,Normal,0.09600000000000009,0.9322198485142754,1.1440000000000001,1.5990000000000002,2.8390000000000004,9.99168,0.3063199999999995
C0927,L10,9.753,10.153,11.19,11.94,Normal,Normal,0.40000000000000036,4.101302163436895,1.036999999999999,0.75,2.1869999999999994,9.99168,-0.23868000000000045
C0928,L10,10.048,11.811,15.885,22.552,Gradual_Degradation,Anomaly,1.763,17.545780254777068,4.074,6.667,12.504,9.99168,0.05631999999999948
C0929,L10,9.224,9.857,11.081,12.64,Normal,Normal,0.6329999999999991,6.862532523850814,1.2240000000000002,1.559000000000001,3.4160000000000004,9.99168,-0.7676800000000004
C0930,L10,10.779,11.383,12.209,12.746,Normal,Normal,0.6039999999999992,5.603488264217452,0.8260000000000005,0.5370000000000008,1.9670000000000005,9.99168,0.7873199999999994
C0931,L10,10.425,17.843,27.55,42.481,Latent_Defect,Anomaly,7.417999999999999,71.15587529976018,9.707,14.931000000000001,32.056,9.99168,0.43332000000000015
C0932,L10,10.934,13.431,19.108,27.622,Gradual_Degradation,Anomaly,2.497,22.83702213279678,5.677000000000001,8.514,16.688000000000002,9.99168,0.9423199999999987
C0933,L10,9.769,10.421,11.481,12.448,Normal,Normal,0.6519999999999992,6.6741734056709925,1.0600000000000005,0.9670000000000005,2.6790000000000003,9.99168,-0.22268000000000043
C0934,L10,10.039,10.447,11.194,12.415,Normal,Normal,0.4079999999999995,4.064149815718692,0.7470000000000017,1.2209999999999983,2.3759999999999994,9.99168,0.04731999999999914
C0935,L10,9.983,10.164,24.242,28.869,Sudden_Degradation,Anomaly,0.18099999999999916,1.8130822398076645,14.078000000000001,4.626999999999999,18.886,9.99168,-0.008680000000000021
C0936,L10,10.002,10.826,26.617,30.66,Sudden_Degradation,Anomaly,0.8239999999999998,8.23835232953409,15.791,4.042999999999999,20.658,9.99168,0.010320000000000107
C0937,L10,9.705,10.114,11.554,12.769,Normal,Normal,0.4090000000000007,4.214322514167962,1.4399999999999995,1.2149999999999999,3.064,9.99168,-0.2866800000000005
C0938,L10,9.746,9.874,10.587,11.046,Normal,Normal,0.1280000000000001,1.3133593269033461,0.7129999999999992,0.45899999999999963,1.299999999999999,9.99168,-0.24568000000000012
C0939,L10,9.208,9.791,25.785,30.491,Sudden_Degradation,Anomaly,0.5830000000000002,6.33145091225022,15.994,4.7059999999999995,21.283,9.99168,-0.7836800000000004
C0940,L10,10.147,10.498,26.814,31.744,Sudden_Degradation,Anomaly,0.3509999999999991,3.4591504878289063,16.316000000000003,4.93,21.597,9.99168,0.15531999999999968
C0941,L10,9.407,10.118,10.946,11.835,Normal,Normal,0.7110000000000003,7.558201339428089,0.8279999999999994,0.8890000000000011,2.428000000000001,9.99168,-0.5846800000000005
C0942,L10,10.679,11.108,12.213,12.854,Normal,Normal,0.42900000000000027,4.017230077722635,1.1049999999999986,0.641,2.174999999999999,9.99168,0.6873199999999997
C0943,L10,9.756,10.471,12.063,13.229,Normal,Normal,0.7149999999999999,7.32882328823288,1.5920000000000005,1.1659999999999986,3.472999999999999,9.99168,-0.23568000000000033
C0944,L10,10.517,11.31,12.294,13.074,Normal,Normal,0.793000000000001,7.540173053152049,0.984,0.7799999999999994,2.5570000000000004,9.99168,0.5253199999999989
C0945,L10,10.084,12.462,18.334,27.534,Gradual_Degradation,Anomaly,2.378,23.58191193970647,5.872,9.2,17.45,9.99168,0.09231999999999907
C0946,L10,9.455,11.772,16.946,24.642,Gradual_Degradation,Anomaly,2.317,24.505552617662612,5.174000000000001,7.695999999999998,15.187,9.99168,-0.5366800000000005
C0947,L10,9.891,10.544,11.027,11.254,Normal,Normal,0.6530000000000005,6.601961379031447,0.48299999999999876,0.2270000000000003,1.3629999999999995,9.99168,-0.10068000000000055
C0948,L10,10.535,10.88,26.62,32.205,Sudden_Degradation,Anomaly,0.34500000000000064,3.2747982914095934,15.74,5.584999999999997,21.669999999999998,9.99168,0.5433199999999996
C0949,L10,9.95,10.438,11.508,12.796,Normal,Normal,0.4880000000000013,4.90452261306534,1.0699999999999985,1.2880000000000003,2.846,9.99168,-0.04168000000000127
C0950,L10,9.521,11.87,16.806,24.506,Gradual_Degradation,Anomaly,2.3489999999999984,24.671778174561474,4.936000000000002,7.699999999999999,14.985,9.99168,-0.47067999999999977
C0951,L10,9.497,11.641,17.201,23.984,Gradual_Degradation,Anomaly,2.144,22.575550173739078,5.5600000000000005,6.783000000000001,14.487000000000002,9.99168,-0.4946800000000007
C0952,L10,10.814,10.993,12.23,13.002,Normal,Normal,0.17900000000000027,1.6552616977991517,1.237,0.7720000000000002,2.1880000000000006,9.99168,0.8223199999999995
C0953,L10,10.426,16.197,28.209,43.926,Latent_Defect,Anomaly,5.770999999999999,55.35200460387492,12.012,15.717000000000002,33.5,9.99168,0.4343199999999996
C0954,L10,9.803,17.122,27.93,41.331,Latent_Defect,Anomaly,7.318999999999999,74.66081811690297,10.808,13.401000000000003,31.528000000000002,9.99168,-0.18867999999999974
C0955,L10,10.404,10.788,11.711,12.446,Normal,Normal,0.38400000000000034,3.6908881199538675,0.923,0.7349999999999994,2.042,9.99168,0.41231999999999935
C0956,L10,10.014,10.535,11.365,12.698,Normal,Normal,0.5210000000000008,5.202716197323755,0.8300000000000001,1.3330000000000002,2.684000000000001,9.99168,0.022319999999998785
C0957,L10,10.105,10.408,27.864,32.852,Sudden_Degradation,Anomaly,0.30299999999999905,2.9985155863433848,17.456000000000003,4.987999999999996,22.746999999999996,9.99168,0.11331999999999987
C0958,L10,10.888,12.704,17.336,24.256,Gradual_Degradation,Anomaly,1.8160000000000007,16.678912564290968,4.631999999999998,6.920000000000002,13.368,9.99168,0.8963199999999993
C0959,L10,9.693,10.232,11.275,12.279,Normal,Normal,0.5389999999999997,5.560713917259876,1.043000000000001,1.0039999999999996,2.5860000000000003,9.99168,-0.29868000000000094
C0960,L10,10.673,11.151,12.278,13.802,Normal,Normal,0.47799999999999976,4.478590836690713,1.1270000000000007,1.5239999999999991,3.1289999999999996,9.99168,0.6813199999999995
C0961,L10,9.892,10.58,11.23,12.963,Normal,Normal,0.6880000000000006,6.955115244642142,0.6500000000000004,1.7329999999999988,3.0709999999999997,9.99168,-0.0996800000000011
C0962,L10,9.633,11.365,16.42,22.4,Gradual_Degradation,Anomaly,1.732000000000001,17.979860894840666,5.0550000000000015,5.979999999999997,12.767,9.99168,-0.35868000000000144
C0963,L10,10.721,11.118,11.767,13.677,Normal,Normal,0.39700000000000024,3.7030127786587097,0.6489999999999991,1.9100000000000001,2.9559999999999995,9.99168,0.7293199999999995
C0964,L10,9.88,10.382,11.246,12.936,Normal,Normal,0.5019999999999989,5.080971659919017,0.8640000000000008,1.6899999999999995,3.055999999999999,9.99168,-0.11167999999999978
C0965,L10,9.556,11.865,15.78,24.195,Gradual_Degradation,Anomaly,2.309000000000001,24.162829635830903,3.914999999999999,8.415000000000001,14.639000000000001,9.99168,-0.4356800000000014
C0966,L10,10.32,11.794,15.558,23.018,Gradual_Degradation,Anomaly,1.4740000000000002,14.28294573643411,3.7639999999999993,7.460000000000001,12.698,9.99168,0.3283199999999997
C0967,L10,10.193,10.861,11.427,12.403,Normal,Normal,0.668000000000001,6.553517119591887,0.565999999999999,0.9760000000000009,2.210000000000001,9.99168,0.20131999999999906
C0968,L10,9.268,17.582,25.548,33.883,Latent_Defect,Anomaly,8.314,89.70651704790677,7.9659999999999975,8.335000000000004,24.615000000000002,9.99168,-0.7236799999999999
C0969,L10,10.407,12.458,18.857,26.467,Gradual_Degradation,Anomaly,2.051,19.707888920918613,6.398999999999999,7.609999999999999,16.06,9.99168,0.41531999999999947
C0970,L10,9.883,10.911,11.426,12.334,Normal,Normal,1.0280000000000005,10.40169988869777,0.5150000000000006,0.9079999999999995,2.4510000000000005,9.99168,-0.10868000000000144
C0971,L10,9.876,17.502,33.933,49.047,Latent_Defect,Anomaly,7.6259999999999994,77.21749696233293,16.431,15.113999999999997,39.171,9.99168,-0.11568000000000112
C0972,L10,9.463,9.987,11.061,11.74,Normal,Normal,0.5240000000000009,5.537356018176064,1.0739999999999998,0.6790000000000003,2.277000000000001,9.99168,-0.5286800000000014
C0973,L10,10.741,11.184,12.087,12.624,Normal,Normal,0.4429999999999996,4.124383204543335,0.9030000000000005,0.5370000000000008,1.883000000000001,9.99168,0.7493199999999991
C0974,L10,10.099,10.679,11.422,12.436,Normal,Normal,0.5800000000000001,5.743142885434202,0.7430000000000003,1.0139999999999993,2.3369999999999997,9.99168,0.10731999999999964
C0975,L10,10.326,10.5,11.122,12.415,Normal,Normal,0.1739999999999995,1.6850668216153348,0.6219999999999999,1.2929999999999993,2.0889999999999986,9.99168,0.33431999999999995
C0976,L10,10.466,11.112,12.37,13.471,Normal,Normal,0.6460000000000008,6.1723676667303735,1.2579999999999991,1.1010000000000009,3.005000000000001,9.99168,0.47431999999999874
C0977,L10,9.884,10.269,11.538,12.99,Normal,Normal,0.3849999999999998,3.895184135977335,1.2690000000000001,1.452,3.106,9.99168,-0.10768000000000022
C0978,L10,9.663,10.014,10.581,11.388,Normal,Normal,0.3509999999999991,3.632412294318525,0.5670000000000002,0.8070000000000004,1.7249999999999996,9.99168,-0.3286800000000003
C0979,L10,9.959,10.507,11.419,12.527,Normal,Normal,0.548,5.502560498041973,0.9120000000000008,1.1079999999999988,2.5679999999999996,9.99168,-0.03268000000000093
C0980,L10,10.217,10.615,11.653,12.465,Normal,Normal,0.3979999999999997,3.895468337085247,1.0380000000000003,0.8119999999999994,2.2479999999999993,9.99168,0.22531999999999996
C0981,L10,9.504,10.925,15.607,24.85,Gradual_Degradation,Anomaly,1.4210000000000012,14.951599326599341,4.681999999999999,9.243000000000002,15.346000000000002,9.99168,-0.487680000000001
C0982,L10,9.938,12.174,17.938,25.899,Gradual_Degradation,Anomaly,2.235999999999999,22.49949688066008,5.763999999999999,7.961000000000002,15.961,9.99168,-0.05367999999999995
C0983,L10,9.696,11.933,16.562,25.331,Gradual_Degradation,Anomaly,2.237,23.0713696369637,4.629000000000001,8.768999999999998,15.635,9.99168,-0.29568000000000083
C0984,L10,10.063,10.328,11.545,12.589,Normal,Normal,0.2649999999999988,2.6334095200238377,1.2170000000000005,1.0440000000000005,2.526,9.99168,0.07132000000000005
C0985,L10,10.504,11.107,11.497,13.342,Normal,Normal,0.6029999999999998,5.740670220868239,0.39000000000000057,1.8450000000000006,2.838000000000001,9.99168,0.512319999999999
C0986,L10,9.605,10.105,11.582,12.59,Normal,Normal,0.5,5.205622071837585,1.4770000000000003,1.0079999999999991,2.9849999999999994,9.99168,-0.38668000000000013
C0987,L10,9.406,9.896,10.936,11.889,Normal,Normal,0.4900000000000002,5.209440782479271,1.0399999999999991,0.9529999999999994,2.4829999999999988,9.99168,-0.58568
C0988,L10,9.458,16.816,27.234,41.302,Latent_Defect,Anomaly,7.357999999999999,77.79657432861069,10.418000000000003,14.067999999999998,31.844,9.99168,-0.5336800000000004
C0989,L10,9.317,11.598,14.118,22.247,Gradual_Degradation,Anomaly,2.2810000000000006,24.48212944080713,2.5199999999999996,8.129,12.93,9.99168,-0.6746800000000004
C0990,L10,9.723,10.299,11.039,12.078,Normal,Normal,0.5759999999999987,5.924097500771353,0.7400000000000002,1.0389999999999997,2.3549999999999986,9.99168,-0.2686799999999998
C0991,L10,10.552,11.001,27.17,31.8,Sudden_Degradation,Anomaly,0.44899999999999984,4.255117513267626,16.169000000000004,4.629999999999999,21.248,9.99168,0.560319999999999
C0992,L10,10.196,10.564,11.115,12.627,Normal,Normal,0.3680000000000003,3.6092585327579476,0.5510000000000002,1.5120000000000005,2.431000000000001,9.99168,0.20431999999999917
C0993,L10,9.667,10.312,11.546,12.159,Normal,Normal,0.6449999999999996,6.672183717802831,1.234,0.6130000000000013,2.492000000000001,9.99168,-0.32468000000000075
C0994,L10,10.131,10.835,11.48,12.379,Normal,Normal,0.7040000000000006,6.9489685124864335,0.6449999999999996,0.8989999999999991,2.2479999999999993,9.99168,0.13931999999999967
C0995,L10,10.515,11.174,12.582,13.593,Normal,Normal,0.6589999999999989,6.267237280076071,1.4080000000000013,1.0109999999999992,3.0779999999999994,9.99168,0.52332
C0996,L10,10.011,17.749,25.108,40.674,Latent_Defect,Anomaly,7.7379999999999995,77.29497552692038,7.359000000000002,15.565999999999999,30.663,9.99168,0.01931999999999867
C0997,L10,9.988,10.728,12.091,13.077,Normal,Normal,0.7400000000000002,7.408890668802566,1.3629999999999995,0.9860000000000007,3.0890000000000004,9.99168,-0.003680000000001016
C0998,L10,9.83,10.564,12.39,13.268,Normal,Normal,0.734,7.466937945066124,1.8260000000000005,0.8780000000000001,3.4380000000000006,9.99168,-0.1616800000000005
C0999,L10,10.365,10.735,11.515,12.392,Normal,Normal,0.3699999999999992,3.5697057404727373,0.7800000000000011,0.8769999999999989,2.0269999999999992,9.99168,0.37331999999999965
C1000,L10,9.558,9.954,11.099,11.32,Normal,Normal,0.3960000000000008,4.143126177024491,1.1449999999999996,0.22100000000000009,1.7620000000000005,9.99168,-0.43368000000000073
